--
-- PostgreSQL database dump
--

\restrict s6s33ybEpc3IDelM4272Crr0gXdlEZdSQ0onJia3w3zSlSZA9vVDbEeEyFeG1dZ

-- Dumped from database version 16.14
-- Dumped by pg_dump version 16.14

-- Started on 2026-05-29 15:02:14

SET statement_timeout = 0;
SET lock_timeout = 0;
SET idle_in_transaction_session_timeout = 0;
SET client_encoding = 'UTF8';
SET standard_conforming_strings = on;
SELECT pg_catalog.set_config('search_path', '', false);
SET check_function_bodies = false;
SET xmloption = content;
SET client_min_messages = warning;
SET row_security = off;

--
-- TOC entry 2 (class 3079 OID 16399)
-- Name: uuid-ossp; Type: EXTENSION; Schema: -; Owner: -
--

CREATE EXTENSION IF NOT EXISTS "uuid-ossp" WITH SCHEMA public;


--
-- TOC entry 5289 (class 0 OID 0)
-- Dependencies: 2
-- Name: EXTENSION "uuid-ossp"; Type: COMMENT; Schema: -; Owner: 
--

COMMENT ON EXTENSION "uuid-ossp" IS 'generate universally unique identifiers (UUIDs)';


SET default_tablespace = '';

SET default_table_access_method = heap;

--
-- TOC entry 242 (class 1259 OID 16689)
-- Name: admin_logs; Type: TABLE; Schema: public; Owner: postgres
--

CREATE TABLE public.admin_logs (
    id bigint NOT NULL,
    admin_id integer NOT NULL,
    action character varying(100) NOT NULL,
    target_type character varying(50),
    target_id integer,
    detail jsonb,
    ip_address inet,
    created_at timestamp with time zone DEFAULT now()
);


ALTER TABLE public.admin_logs OWNER TO postgres;

--
-- TOC entry 241 (class 1259 OID 16688)
-- Name: admin_logs_id_seq; Type: SEQUENCE; Schema: public; Owner: postgres
--

CREATE SEQUENCE public.admin_logs_id_seq
    START WITH 1
    INCREMENT BY 1
    NO MINVALUE
    NO MAXVALUE
    CACHE 1;


ALTER SEQUENCE public.admin_logs_id_seq OWNER TO postgres;

--
-- TOC entry 5290 (class 0 OID 0)
-- Dependencies: 241
-- Name: admin_logs_id_seq; Type: SEQUENCE OWNED BY; Schema: public; Owner: postgres
--

ALTER SEQUENCE public.admin_logs_id_seq OWNED BY public.admin_logs.id;


--
-- TOC entry 252 (class 1259 OID 16763)
-- Name: auth_group; Type: TABLE; Schema: public; Owner: postgres
--

CREATE TABLE public.auth_group (
    id integer NOT NULL,
    name character varying(150) NOT NULL
);


ALTER TABLE public.auth_group OWNER TO postgres;

--
-- TOC entry 251 (class 1259 OID 16762)
-- Name: auth_group_id_seq; Type: SEQUENCE; Schema: public; Owner: postgres
--

ALTER TABLE public.auth_group ALTER COLUMN id ADD GENERATED BY DEFAULT AS IDENTITY (
    SEQUENCE NAME public.auth_group_id_seq
    START WITH 1
    INCREMENT BY 1
    NO MINVALUE
    NO MAXVALUE
    CACHE 1
);


--
-- TOC entry 254 (class 1259 OID 16771)
-- Name: auth_group_permissions; Type: TABLE; Schema: public; Owner: postgres
--

CREATE TABLE public.auth_group_permissions (
    id bigint NOT NULL,
    group_id integer NOT NULL,
    permission_id integer NOT NULL
);


ALTER TABLE public.auth_group_permissions OWNER TO postgres;

--
-- TOC entry 253 (class 1259 OID 16770)
-- Name: auth_group_permissions_id_seq; Type: SEQUENCE; Schema: public; Owner: postgres
--

ALTER TABLE public.auth_group_permissions ALTER COLUMN id ADD GENERATED BY DEFAULT AS IDENTITY (
    SEQUENCE NAME public.auth_group_permissions_id_seq
    START WITH 1
    INCREMENT BY 1
    NO MINVALUE
    NO MAXVALUE
    CACHE 1
);


--
-- TOC entry 250 (class 1259 OID 16757)
-- Name: auth_permission; Type: TABLE; Schema: public; Owner: postgres
--

CREATE TABLE public.auth_permission (
    id integer NOT NULL,
    name character varying(255) NOT NULL,
    content_type_id integer NOT NULL,
    codename character varying(100) NOT NULL
);


ALTER TABLE public.auth_permission OWNER TO postgres;

--
-- TOC entry 249 (class 1259 OID 16756)
-- Name: auth_permission_id_seq; Type: SEQUENCE; Schema: public; Owner: postgres
--

ALTER TABLE public.auth_permission ALTER COLUMN id ADD GENERATED BY DEFAULT AS IDENTITY (
    SEQUENCE NAME public.auth_permission_id_seq
    START WITH 1
    INCREMENT BY 1
    NO MINVALUE
    NO MAXVALUE
    CACHE 1
);


--
-- TOC entry 256 (class 1259 OID 16777)
-- Name: auth_user; Type: TABLE; Schema: public; Owner: postgres
--

CREATE TABLE public.auth_user (
    id integer NOT NULL,
    password character varying(128) NOT NULL,
    last_login timestamp with time zone,
    is_superuser boolean NOT NULL,
    username character varying(150) NOT NULL,
    first_name character varying(150) NOT NULL,
    last_name character varying(150) NOT NULL,
    email character varying(254) NOT NULL,
    is_staff boolean NOT NULL,
    is_active boolean NOT NULL,
    date_joined timestamp with time zone NOT NULL
);


ALTER TABLE public.auth_user OWNER TO postgres;

--
-- TOC entry 258 (class 1259 OID 16785)
-- Name: auth_user_groups; Type: TABLE; Schema: public; Owner: postgres
--

CREATE TABLE public.auth_user_groups (
    id bigint NOT NULL,
    user_id integer NOT NULL,
    group_id integer NOT NULL
);


ALTER TABLE public.auth_user_groups OWNER TO postgres;

--
-- TOC entry 257 (class 1259 OID 16784)
-- Name: auth_user_groups_id_seq; Type: SEQUENCE; Schema: public; Owner: postgres
--

ALTER TABLE public.auth_user_groups ALTER COLUMN id ADD GENERATED BY DEFAULT AS IDENTITY (
    SEQUENCE NAME public.auth_user_groups_id_seq
    START WITH 1
    INCREMENT BY 1
    NO MINVALUE
    NO MAXVALUE
    CACHE 1
);


--
-- TOC entry 255 (class 1259 OID 16776)
-- Name: auth_user_id_seq; Type: SEQUENCE; Schema: public; Owner: postgres
--

ALTER TABLE public.auth_user ALTER COLUMN id ADD GENERATED BY DEFAULT AS IDENTITY (
    SEQUENCE NAME public.auth_user_id_seq
    START WITH 1
    INCREMENT BY 1
    NO MINVALUE
    NO MAXVALUE
    CACHE 1
);


--
-- TOC entry 260 (class 1259 OID 16791)
-- Name: auth_user_user_permissions; Type: TABLE; Schema: public; Owner: postgres
--

CREATE TABLE public.auth_user_user_permissions (
    id bigint NOT NULL,
    user_id integer NOT NULL,
    permission_id integer NOT NULL
);


ALTER TABLE public.auth_user_user_permissions OWNER TO postgres;

--
-- TOC entry 259 (class 1259 OID 16790)
-- Name: auth_user_user_permissions_id_seq; Type: SEQUENCE; Schema: public; Owner: postgres
--

ALTER TABLE public.auth_user_user_permissions ALTER COLUMN id ADD GENERATED BY DEFAULT AS IDENTITY (
    SEQUENCE NAME public.auth_user_user_permissions_id_seq
    START WITH 1
    INCREMENT BY 1
    NO MINVALUE
    NO MAXVALUE
    CACHE 1
);


--
-- TOC entry 263 (class 1259 OID 16866)
-- Name: django_admin_log; Type: TABLE; Schema: public; Owner: postgres
--

CREATE TABLE public.django_admin_log (
    id integer NOT NULL,
    action_time timestamp with time zone NOT NULL,
    object_id text,
    object_repr character varying(200) NOT NULL,
    action_flag smallint NOT NULL,
    change_message text NOT NULL,
    content_type_id integer,
    user_id integer NOT NULL,
    CONSTRAINT django_admin_log_action_flag_check CHECK ((action_flag >= 0))
);


ALTER TABLE public.django_admin_log OWNER TO postgres;

--
-- TOC entry 262 (class 1259 OID 16865)
-- Name: django_admin_log_id_seq; Type: SEQUENCE; Schema: public; Owner: postgres
--

ALTER TABLE public.django_admin_log ALTER COLUMN id ADD GENERATED BY DEFAULT AS IDENTITY (
    SEQUENCE NAME public.django_admin_log_id_seq
    START WITH 1
    INCREMENT BY 1
    NO MINVALUE
    NO MAXVALUE
    CACHE 1
);


--
-- TOC entry 248 (class 1259 OID 16749)
-- Name: django_content_type; Type: TABLE; Schema: public; Owner: postgres
--

CREATE TABLE public.django_content_type (
    id integer NOT NULL,
    app_label character varying(100) NOT NULL,
    model character varying(100) NOT NULL
);


ALTER TABLE public.django_content_type OWNER TO postgres;

--
-- TOC entry 247 (class 1259 OID 16748)
-- Name: django_content_type_id_seq; Type: SEQUENCE; Schema: public; Owner: postgres
--

ALTER TABLE public.django_content_type ALTER COLUMN id ADD GENERATED BY DEFAULT AS IDENTITY (
    SEQUENCE NAME public.django_content_type_id_seq
    START WITH 1
    INCREMENT BY 1
    NO MINVALUE
    NO MAXVALUE
    CACHE 1
);


--
-- TOC entry 246 (class 1259 OID 16741)
-- Name: django_migrations; Type: TABLE; Schema: public; Owner: postgres
--

CREATE TABLE public.django_migrations (
    id bigint NOT NULL,
    app character varying(255) NOT NULL,
    name character varying(255) NOT NULL,
    applied timestamp with time zone NOT NULL
);


ALTER TABLE public.django_migrations OWNER TO postgres;

--
-- TOC entry 245 (class 1259 OID 16740)
-- Name: django_migrations_id_seq; Type: SEQUENCE; Schema: public; Owner: postgres
--

ALTER TABLE public.django_migrations ALTER COLUMN id ADD GENERATED BY DEFAULT AS IDENTITY (
    SEQUENCE NAME public.django_migrations_id_seq
    START WITH 1
    INCREMENT BY 1
    NO MINVALUE
    NO MAXVALUE
    CACHE 1
);


--
-- TOC entry 261 (class 1259 OID 16856)
-- Name: django_session; Type: TABLE; Schema: public; Owner: postgres
--

CREATE TABLE public.django_session (
    session_key character varying(40) NOT NULL,
    session_data text NOT NULL,
    expire_date timestamp with time zone NOT NULL
);


ALTER TABLE public.django_session OWNER TO postgres;

--
-- TOC entry 223 (class 1259 OID 16476)
-- Name: genres; Type: TABLE; Schema: public; Owner: postgres
--

CREATE TABLE public.genres (
    id integer NOT NULL,
    name character varying(60) NOT NULL,
    slug character varying(60) NOT NULL
);


ALTER TABLE public.genres OWNER TO postgres;

--
-- TOC entry 222 (class 1259 OID 16475)
-- Name: genres_id_seq; Type: SEQUENCE; Schema: public; Owner: postgres
--

CREATE SEQUENCE public.genres_id_seq
    AS integer
    START WITH 1
    INCREMENT BY 1
    NO MINVALUE
    NO MAXVALUE
    CACHE 1;


ALTER SEQUENCE public.genres_id_seq OWNER TO postgres;

--
-- TOC entry 5291 (class 0 OID 0)
-- Dependencies: 222
-- Name: genres_id_seq; Type: SEQUENCE OWNED BY; Schema: public; Owner: postgres
--

ALTER SEQUENCE public.genres_id_seq OWNED BY public.genres.id;


--
-- TOC entry 240 (class 1259 OID 16679)
-- Name: model_metrics; Type: TABLE; Schema: public; Owner: postgres
--

CREATE TABLE public.model_metrics (
    id integer NOT NULL,
    version character varying(20) NOT NULL,
    rmse numeric(8,6),
    mae numeric(8,6),
    rmse_cv numeric(8,6),
    precision_at_5 numeric(8,6),
    precision_at_10 numeric(8,6),
    recall_at_5 numeric(8,6),
    ndcg_at_5 numeric(8,6),
    ndcg_at_10 numeric(8,6),
    f1_dt numeric(8,6),
    improvement_pct numeric(6,2),
    n_users integer,
    n_movies integer,
    n_ratings integer,
    trained_at timestamp with time zone DEFAULT now(),
    notes text
);


ALTER TABLE public.model_metrics OWNER TO postgres;

--
-- TOC entry 239 (class 1259 OID 16678)
-- Name: model_metrics_id_seq; Type: SEQUENCE; Schema: public; Owner: postgres
--

CREATE SEQUENCE public.model_metrics_id_seq
    AS integer
    START WITH 1
    INCREMENT BY 1
    NO MINVALUE
    NO MAXVALUE
    CACHE 1;


ALTER SEQUENCE public.model_metrics_id_seq OWNER TO postgres;

--
-- TOC entry 5292 (class 0 OID 0)
-- Dependencies: 239
-- Name: model_metrics_id_seq; Type: SEQUENCE OWNED BY; Schema: public; Owner: postgres
--

ALTER SEQUENCE public.model_metrics_id_seq OWNED BY public.model_metrics.id;


--
-- TOC entry 228 (class 1259 OID 16525)
-- Name: movie_genres; Type: TABLE; Schema: public; Owner: postgres
--

CREATE TABLE public.movie_genres (
    movie_id integer NOT NULL,
    genre_id integer NOT NULL,
    is_primary boolean DEFAULT false NOT NULL
);


ALTER TABLE public.movie_genres OWNER TO postgres;

--
-- TOC entry 229 (class 1259 OID 16541)
-- Name: movie_people; Type: TABLE; Schema: public; Owner: postgres
--

CREATE TABLE public.movie_people (
    movie_id integer NOT NULL,
    person_id integer NOT NULL,
    role character varying(20) NOT NULL,
    "character" character varying(200),
    billing smallint,
    CONSTRAINT movie_people_role_check CHECK (((role)::text = ANY ((ARRAY['director'::character varying, 'actor'::character varying, 'producer'::character varying, 'writer'::character varying])::text[])))
);


ALTER TABLE public.movie_people OWNER TO postgres;

--
-- TOC entry 227 (class 1259 OID 16498)
-- Name: movies; Type: TABLE; Schema: public; Owner: postgres
--

CREATE TABLE public.movies (
    id integer NOT NULL,
    movielens_id integer,
    title character varying(300) NOT NULL,
    title_original character varying(300),
    slug character varying(300) NOT NULL,
    description text,
    year smallint,
    duration_min smallint,
    content_rating character varying(10),
    language character varying(30) DEFAULT 'English'::character varying,
    country character varying(80),
    poster_url character varying(500),
    backdrop_url character varying(500),
    trailer_youtube_id character varying(50),
    imdb_rating numeric(3,1),
    weighted_rating numeric(5,4) DEFAULT 0.0,
    avg_rating numeric(5,4) DEFAULT 0.0,
    num_ratings integer DEFAULT 0,
    is_original boolean DEFAULT false NOT NULL,
    award_winner boolean DEFAULT false NOT NULL,
    is_active boolean DEFAULT true NOT NULL,
    min_plan_id integer DEFAULT 1,
    created_at timestamp with time zone DEFAULT now(),
    updated_at timestamp with time zone DEFAULT now()
);


ALTER TABLE public.movies OWNER TO postgres;

--
-- TOC entry 226 (class 1259 OID 16497)
-- Name: movies_id_seq; Type: SEQUENCE; Schema: public; Owner: postgres
--

CREATE SEQUENCE public.movies_id_seq
    AS integer
    START WITH 1
    INCREMENT BY 1
    NO MINVALUE
    NO MAXVALUE
    CACHE 1;


ALTER SEQUENCE public.movies_id_seq OWNER TO postgres;

--
-- TOC entry 5293 (class 0 OID 0)
-- Dependencies: 226
-- Name: movies_id_seq; Type: SEQUENCE OWNED BY; Schema: public; Owner: postgres
--

ALTER SEQUENCE public.movies_id_seq OWNED BY public.movies.id;


--
-- TOC entry 244 (class 1259 OID 16721)
-- Name: password_reset_tokens; Type: TABLE; Schema: public; Owner: postgres
--

CREATE TABLE public.password_reset_tokens (
    id integer NOT NULL,
    user_id integer NOT NULL,
    token character varying(255) NOT NULL,
    expires_at timestamp with time zone NOT NULL,
    used boolean DEFAULT false NOT NULL,
    created_at timestamp with time zone DEFAULT now()
);


ALTER TABLE public.password_reset_tokens OWNER TO postgres;

--
-- TOC entry 243 (class 1259 OID 16720)
-- Name: password_reset_tokens_id_seq; Type: SEQUENCE; Schema: public; Owner: postgres
--

CREATE SEQUENCE public.password_reset_tokens_id_seq
    AS integer
    START WITH 1
    INCREMENT BY 1
    NO MINVALUE
    NO MAXVALUE
    CACHE 1;


ALTER SEQUENCE public.password_reset_tokens_id_seq OWNER TO postgres;

--
-- TOC entry 5294 (class 0 OID 0)
-- Dependencies: 243
-- Name: password_reset_tokens_id_seq; Type: SEQUENCE OWNED BY; Schema: public; Owner: postgres
--

ALTER SEQUENCE public.password_reset_tokens_id_seq OWNED BY public.password_reset_tokens.id;


--
-- TOC entry 225 (class 1259 OID 16487)
-- Name: people; Type: TABLE; Schema: public; Owner: postgres
--

CREATE TABLE public.people (
    id integer NOT NULL,
    full_name character varying(200) NOT NULL,
    slug character varying(200) NOT NULL,
    birth_date date,
    nationality character varying(80),
    photo_url character varying(500),
    bio text
);


ALTER TABLE public.people OWNER TO postgres;

--
-- TOC entry 224 (class 1259 OID 16486)
-- Name: people_id_seq; Type: SEQUENCE; Schema: public; Owner: postgres
--

CREATE SEQUENCE public.people_id_seq
    AS integer
    START WITH 1
    INCREMENT BY 1
    NO MINVALUE
    NO MAXVALUE
    CACHE 1;


ALTER SEQUENCE public.people_id_seq OWNER TO postgres;

--
-- TOC entry 5295 (class 0 OID 0)
-- Dependencies: 224
-- Name: people_id_seq; Type: SEQUENCE OWNED BY; Schema: public; Owner: postgres
--

ALTER SEQUENCE public.people_id_seq OWNED BY public.people.id;


--
-- TOC entry 233 (class 1259 OID 16582)
-- Name: ratings; Type: TABLE; Schema: public; Owner: postgres
--

CREATE TABLE public.ratings (
    id bigint NOT NULL,
    user_id integer NOT NULL,
    movie_id integer NOT NULL,
    rating numeric(2,1) NOT NULL,
    liked boolean,
    review text,
    created_at timestamp with time zone DEFAULT now(),
    updated_at timestamp with time zone DEFAULT now(),
    CONSTRAINT ratings_rating_check CHECK (((rating >= 1.0) AND (rating <= 5.0)))
);


ALTER TABLE public.ratings OWNER TO postgres;

--
-- TOC entry 232 (class 1259 OID 16581)
-- Name: ratings_id_seq; Type: SEQUENCE; Schema: public; Owner: postgres
--

CREATE SEQUENCE public.ratings_id_seq
    START WITH 1
    INCREMENT BY 1
    NO MINVALUE
    NO MAXVALUE
    CACHE 1;


ALTER SEQUENCE public.ratings_id_seq OWNER TO postgres;

--
-- TOC entry 5296 (class 0 OID 0)
-- Dependencies: 232
-- Name: ratings_id_seq; Type: SEQUENCE OWNED BY; Schema: public; Owner: postgres
--

ALTER SEQUENCE public.ratings_id_seq OWNED BY public.ratings.id;


--
-- TOC entry 238 (class 1259 OID 16658)
-- Name: recommendations; Type: TABLE; Schema: public; Owner: postgres
--

CREATE TABLE public.recommendations (
    id bigint NOT NULL,
    user_id integer NOT NULL,
    movie_id integer NOT NULL,
    score numeric(8,6) NOT NULL,
    rank smallint NOT NULL,
    model_version character varying(20) DEFAULT '1.0'::character varying,
    generated_at timestamp with time zone DEFAULT now(),
    expires_at timestamp with time zone
);


ALTER TABLE public.recommendations OWNER TO postgres;

--
-- TOC entry 237 (class 1259 OID 16657)
-- Name: recommendations_id_seq; Type: SEQUENCE; Schema: public; Owner: postgres
--

CREATE SEQUENCE public.recommendations_id_seq
    START WITH 1
    INCREMENT BY 1
    NO MINVALUE
    NO MAXVALUE
    CACHE 1;


ALTER SEQUENCE public.recommendations_id_seq OWNER TO postgres;

--
-- TOC entry 5297 (class 0 OID 0)
-- Dependencies: 237
-- Name: recommendations_id_seq; Type: SEQUENCE OWNED BY; Schema: public; Owner: postgres
--

ALTER SEQUENCE public.recommendations_id_seq OWNED BY public.recommendations.id;


--
-- TOC entry 217 (class 1259 OID 16411)
-- Name: subscription_plans; Type: TABLE; Schema: public; Owner: postgres
--

CREATE TABLE public.subscription_plans (
    id integer NOT NULL,
    name character varying(30) NOT NULL,
    price_monthly numeric(8,2) DEFAULT 0.00 NOT NULL,
    max_devices smallint DEFAULT 1 NOT NULL,
    max_quality character varying(10) DEFAULT 'SD'::character varying NOT NULL,
    has_downloads boolean DEFAULT false NOT NULL,
    has_ads boolean DEFAULT true NOT NULL,
    ai_priority smallint DEFAULT 1 NOT NULL,
    description text,
    is_active boolean DEFAULT true NOT NULL,
    created_at timestamp with time zone DEFAULT now()
);


ALTER TABLE public.subscription_plans OWNER TO postgres;

--
-- TOC entry 216 (class 1259 OID 16410)
-- Name: subscription_plans_id_seq; Type: SEQUENCE; Schema: public; Owner: postgres
--

CREATE SEQUENCE public.subscription_plans_id_seq
    AS integer
    START WITH 1
    INCREMENT BY 1
    NO MINVALUE
    NO MAXVALUE
    CACHE 1;


ALTER SEQUENCE public.subscription_plans_id_seq OWNER TO postgres;

--
-- TOC entry 5298 (class 0 OID 0)
-- Dependencies: 216
-- Name: subscription_plans_id_seq; Type: SEQUENCE OWNED BY; Schema: public; Owner: postgres
--

ALTER SEQUENCE public.subscription_plans_id_seq OWNED BY public.subscription_plans.id;


--
-- TOC entry 236 (class 1259 OID 16640)
-- Name: user_actor_preferences; Type: TABLE; Schema: public; Owner: postgres
--

CREATE TABLE public.user_actor_preferences (
    user_id integer NOT NULL,
    person_id integer NOT NULL,
    weight numeric(4,3) DEFAULT 1.000,
    updated_at timestamp with time zone DEFAULT now()
);


ALTER TABLE public.user_actor_preferences OWNER TO postgres;

--
-- TOC entry 235 (class 1259 OID 16621)
-- Name: user_genre_preferences; Type: TABLE; Schema: public; Owner: postgres
--

CREATE TABLE public.user_genre_preferences (
    user_id integer NOT NULL,
    genre_id integer NOT NULL,
    weight numeric(4,3) DEFAULT 1.000,
    source character varying(20) DEFAULT 'explicit'::character varying,
    updated_at timestamp with time zone DEFAULT now(),
    CONSTRAINT user_genre_preferences_source_check CHECK (((source)::text = ANY ((ARRAY['explicit'::character varying, 'implicit'::character varying])::text[])))
);


ALTER TABLE public.user_genre_preferences OWNER TO postgres;

--
-- TOC entry 221 (class 1259 OID 16454)
-- Name: user_subscriptions; Type: TABLE; Schema: public; Owner: postgres
--

CREATE TABLE public.user_subscriptions (
    id integer NOT NULL,
    user_id integer NOT NULL,
    plan_id integer NOT NULL,
    status character varying(20) DEFAULT 'active'::character varying NOT NULL,
    started_at timestamp with time zone DEFAULT now(),
    expires_at timestamp with time zone,
    cancelled_at timestamp with time zone,
    auto_renew boolean DEFAULT true NOT NULL,
    payment_ref character varying(200),
    created_at timestamp with time zone DEFAULT now(),
    CONSTRAINT user_subscriptions_status_check CHECK (((status)::text = ANY ((ARRAY['active'::character varying, 'cancelled'::character varying, 'expired'::character varying, 'paused'::character varying])::text[])))
);


ALTER TABLE public.user_subscriptions OWNER TO postgres;

--
-- TOC entry 220 (class 1259 OID 16453)
-- Name: user_subscriptions_id_seq; Type: SEQUENCE; Schema: public; Owner: postgres
--

CREATE SEQUENCE public.user_subscriptions_id_seq
    AS integer
    START WITH 1
    INCREMENT BY 1
    NO MINVALUE
    NO MAXVALUE
    CACHE 1;


ALTER SEQUENCE public.user_subscriptions_id_seq OWNER TO postgres;

--
-- TOC entry 5299 (class 0 OID 0)
-- Dependencies: 220
-- Name: user_subscriptions_id_seq; Type: SEQUENCE OWNED BY; Schema: public; Owner: postgres
--

ALTER SEQUENCE public.user_subscriptions_id_seq OWNED BY public.user_subscriptions.id;


--
-- TOC entry 234 (class 1259 OID 16605)
-- Name: user_watchlist; Type: TABLE; Schema: public; Owner: postgres
--

CREATE TABLE public.user_watchlist (
    user_id integer NOT NULL,
    movie_id integer NOT NULL,
    added_at timestamp with time zone DEFAULT now()
);


ALTER TABLE public.user_watchlist OWNER TO postgres;

--
-- TOC entry 219 (class 1259 OID 16430)
-- Name: users; Type: TABLE; Schema: public; Owner: postgres
--

CREATE TABLE public.users (
    id integer NOT NULL,
    uuid uuid DEFAULT public.uuid_generate_v4() NOT NULL,
    username character varying(50) NOT NULL,
    email character varying(255) NOT NULL,
    password_hash character varying(255) NOT NULL,
    first_name character varying(100),
    last_name character varying(100),
    avatar_url character varying(500),
    country character varying(60) DEFAULT 'Peru'::character varying,
    language character varying(10) DEFAULT 'es'::character varying,
    birth_date date,
    gender character(1),
    is_active boolean DEFAULT true NOT NULL,
    is_admin boolean DEFAULT false NOT NULL,
    email_verified boolean DEFAULT false NOT NULL,
    created_at timestamp with time zone DEFAULT now(),
    updated_at timestamp with time zone DEFAULT now(),
    last_login timestamp with time zone,
    CONSTRAINT users_gender_check CHECK ((gender = ANY (ARRAY['M'::bpchar, 'F'::bpchar, 'O'::bpchar])))
);


ALTER TABLE public.users OWNER TO postgres;

--
-- TOC entry 218 (class 1259 OID 16429)
-- Name: users_id_seq; Type: SEQUENCE; Schema: public; Owner: postgres
--

CREATE SEQUENCE public.users_id_seq
    AS integer
    START WITH 1
    INCREMENT BY 1
    NO MINVALUE
    NO MAXVALUE
    CACHE 1;


ALTER SEQUENCE public.users_id_seq OWNER TO postgres;

--
-- TOC entry 5300 (class 0 OID 0)
-- Dependencies: 218
-- Name: users_id_seq; Type: SEQUENCE OWNED BY; Schema: public; Owner: postgres
--

ALTER SEQUENCE public.users_id_seq OWNED BY public.users.id;


--
-- TOC entry 231 (class 1259 OID 16558)
-- Name: watch_history; Type: TABLE; Schema: public; Owner: postgres
--

CREATE TABLE public.watch_history (
    id bigint NOT NULL,
    user_id integer NOT NULL,
    movie_id integer NOT NULL,
    watched_at timestamp with time zone DEFAULT now(),
    progress_pct smallint DEFAULT 0,
    completed boolean DEFAULT false NOT NULL,
    device_type character varying(20) DEFAULT 'web'::character varying,
    session_minutes smallint DEFAULT 0,
    CONSTRAINT watch_history_device_type_check CHECK (((device_type)::text = ANY ((ARRAY['web'::character varying, 'mobile'::character varying, 'tv'::character varying, 'tablet'::character varying])::text[]))),
    CONSTRAINT watch_history_progress_pct_check CHECK (((progress_pct >= 0) AND (progress_pct <= 100)))
);


ALTER TABLE public.watch_history OWNER TO postgres;

--
-- TOC entry 230 (class 1259 OID 16557)
-- Name: watch_history_id_seq; Type: SEQUENCE; Schema: public; Owner: postgres
--

CREATE SEQUENCE public.watch_history_id_seq
    START WITH 1
    INCREMENT BY 1
    NO MINVALUE
    NO MAXVALUE
    CACHE 1;


ALTER SEQUENCE public.watch_history_id_seq OWNER TO postgres;

--
-- TOC entry 5301 (class 0 OID 0)
-- Dependencies: 230
-- Name: watch_history_id_seq; Type: SEQUENCE OWNED BY; Schema: public; Owner: postgres
--

ALTER SEQUENCE public.watch_history_id_seq OWNED BY public.watch_history.id;


--
-- TOC entry 4927 (class 2604 OID 16692)
-- Name: admin_logs id; Type: DEFAULT; Schema: public; Owner: postgres
--

ALTER TABLE ONLY public.admin_logs ALTER COLUMN id SET DEFAULT nextval('public.admin_logs_id_seq'::regclass);


--
-- TOC entry 4893 (class 2604 OID 16479)
-- Name: genres id; Type: DEFAULT; Schema: public; Owner: postgres
--

ALTER TABLE ONLY public.genres ALTER COLUMN id SET DEFAULT nextval('public.genres_id_seq'::regclass);


--
-- TOC entry 4925 (class 2604 OID 16682)
-- Name: model_metrics id; Type: DEFAULT; Schema: public; Owner: postgres
--

ALTER TABLE ONLY public.model_metrics ALTER COLUMN id SET DEFAULT nextval('public.model_metrics_id_seq'::regclass);


--
-- TOC entry 4895 (class 2604 OID 16501)
-- Name: movies id; Type: DEFAULT; Schema: public; Owner: postgres
--

ALTER TABLE ONLY public.movies ALTER COLUMN id SET DEFAULT nextval('public.movies_id_seq'::regclass);


--
-- TOC entry 4929 (class 2604 OID 16724)
-- Name: password_reset_tokens id; Type: DEFAULT; Schema: public; Owner: postgres
--

ALTER TABLE ONLY public.password_reset_tokens ALTER COLUMN id SET DEFAULT nextval('public.password_reset_tokens_id_seq'::regclass);


--
-- TOC entry 4894 (class 2604 OID 16490)
-- Name: people id; Type: DEFAULT; Schema: public; Owner: postgres
--

ALTER TABLE ONLY public.people ALTER COLUMN id SET DEFAULT nextval('public.people_id_seq'::regclass);


--
-- TOC entry 4913 (class 2604 OID 16585)
-- Name: ratings id; Type: DEFAULT; Schema: public; Owner: postgres
--

ALTER TABLE ONLY public.ratings ALTER COLUMN id SET DEFAULT nextval('public.ratings_id_seq'::regclass);


--
-- TOC entry 4922 (class 2604 OID 16661)
-- Name: recommendations id; Type: DEFAULT; Schema: public; Owner: postgres
--

ALTER TABLE ONLY public.recommendations ALTER COLUMN id SET DEFAULT nextval('public.recommendations_id_seq'::regclass);


--
-- TOC entry 4870 (class 2604 OID 16414)
-- Name: subscription_plans id; Type: DEFAULT; Schema: public; Owner: postgres
--

ALTER TABLE ONLY public.subscription_plans ALTER COLUMN id SET DEFAULT nextval('public.subscription_plans_id_seq'::regclass);


--
-- TOC entry 4888 (class 2604 OID 16457)
-- Name: user_subscriptions id; Type: DEFAULT; Schema: public; Owner: postgres
--

ALTER TABLE ONLY public.user_subscriptions ALTER COLUMN id SET DEFAULT nextval('public.user_subscriptions_id_seq'::regclass);


--
-- TOC entry 4879 (class 2604 OID 16433)
-- Name: users id; Type: DEFAULT; Schema: public; Owner: postgres
--

ALTER TABLE ONLY public.users ALTER COLUMN id SET DEFAULT nextval('public.users_id_seq'::regclass);


--
-- TOC entry 4907 (class 2604 OID 16561)
-- Name: watch_history id; Type: DEFAULT; Schema: public; Owner: postgres
--

ALTER TABLE ONLY public.watch_history ALTER COLUMN id SET DEFAULT nextval('public.watch_history_id_seq'::regclass);


--
-- TOC entry 5262 (class 0 OID 16689)
-- Dependencies: 242
-- Data for Name: admin_logs; Type: TABLE DATA; Schema: public; Owner: postgres
--

COPY public.admin_logs (id, admin_id, action, target_type, target_id, detail, ip_address, created_at) FROM stdin;
1	1	movie.update	movie	4250	{"updated_fields": ["title", "description", "year", "duration_min", "poster_url", "backdrop_url", "trailer_youtube_id"]}	127.0.0.1	2026-05-19 09:18:10.096826-05
2	1	movie.update	movie	4249	{"updated_fields": ["title", "description", "year", "duration_min", "poster_url", "backdrop_url", "trailer_youtube_id"]}	127.0.0.1	2026-05-19 09:18:53.536405-05
3	1	movie.update	movie	4248	{"updated_fields": ["title", "description", "year", "duration_min", "poster_url", "backdrop_url", "trailer_youtube_id"]}	127.0.0.1	2026-05-19 09:25:59.554458-05
4	1	movie.update	movie	4246	{"updated_fields": ["title", "description", "year", "duration_min", "poster_url", "backdrop_url", "trailer_youtube_id"]}	127.0.0.1	2026-05-19 09:27:10.232752-05
5	1	movie.update	movie	4244	{"updated_fields": ["title", "description", "year", "duration_min", "poster_url", "backdrop_url", "trailer_youtube_id"]}	127.0.0.1	2026-05-19 09:27:52.727849-05
6	1	movie.update	movie	4243	{"updated_fields": ["title", "description", "year", "duration_min", "poster_url", "backdrop_url", "trailer_youtube_id"]}	127.0.0.1	2026-05-19 09:28:34.290718-05
7	1	movie.update	movie	4241	{"updated_fields": ["title", "description", "year", "duration_min", "poster_url", "backdrop_url", "trailer_youtube_id"]}	127.0.0.1	2026-05-19 09:29:00.725326-05
8	1	movie.update	movie	4240	{"updated_fields": ["title", "description", "year", "duration_min", "poster_url", "backdrop_url", "trailer_youtube_id"]}	127.0.0.1	2026-05-19 09:29:56.595059-05
9	1	movie.update	movie	4238	{"updated_fields": ["title", "description", "year", "duration_min", "poster_url", "backdrop_url", "trailer_youtube_id"]}	127.0.0.1	2026-05-19 09:31:41.703272-05
10	1	movie.update	movie	4183	{"updated_fields": ["title", "description", "year", "duration_min", "poster_url", "backdrop_url", "trailer_youtube_id"]}	127.0.0.1	2026-05-19 09:32:38.102679-05
11	1	movie.update	movie	3989	{"updated_fields": ["title", "description", "year", "duration_min", "poster_url", "backdrop_url", "trailer_youtube_id"]}	127.0.0.1	2026-05-19 09:34:40.696041-05
12	1	movie.update	movie	3908	{"updated_fields": ["title", "description", "year", "duration_min", "poster_url", "backdrop_url", "trailer_youtube_id"]}	127.0.0.1	2026-05-19 09:35:27.453922-05
13	1	user.update	user	1	{}	127.0.0.1	2026-05-19 09:35:49.629581-05
14	1	movie.update	movie	3884	{"updated_fields": []}	127.0.0.1	2026-05-19 09:40:31.322634-05
15	1	movie.update	movie	3884	{"updated_fields": []}	127.0.0.1	2026-05-19 09:40:37.370665-05
16	1	user.update	user	1	{}	127.0.0.1	2026-05-19 09:50:57.523355-05
17	1	user.update	user	1	{"plan_id": {"to": 4, "from": null}}	127.0.0.1	2026-05-19 10:00:40.029919-05
18	1	user.update	user	1	{"plan_id": {"to": 1, "from": 4}}	127.0.0.1	2026-05-19 10:00:57.735807-05
19	1	user.update	user	1	{"plan_id": {"to": 2, "from": 1}}	127.0.0.1	2026-05-19 10:02:28.180334-05
20	1	user.update	user	1	{"plan_id": {"to": 1, "from": 2}}	127.0.0.1	2026-05-19 10:02:29.75506-05
21	1	user.update	user	1	{"plan_id": {"to": 1, "from": 1}}	127.0.0.1	2026-05-19 10:02:42.053632-05
22	1	user.update	user	1	{"plan_id": {"to": 2, "from": 1}}	127.0.0.1	2026-05-19 10:03:09.729146-05
23	1	user.update	user	1	{"plan_id": {"to": 3, "from": 2}}	127.0.0.1	2026-05-19 10:03:23.895835-05
24	1	user.update	user	1	{"plan_id": {"to": 4, "from": 3}}	127.0.0.1	2026-05-19 10:03:46.992027-05
25	1	user.update	user	4	{"plan_id": {"to": 2, "from": 1}}	127.0.0.1	2026-05-19 10:04:19.966997-05
26	1	user.update	user	4	{"plan_id": {"to": 1, "from": 2}}	127.0.0.1	2026-05-19 10:04:22.943125-05
27	1	user.update	user	3	{"plan_id": {"to": 3, "from": 1}}	127.0.0.1	2026-05-19 10:04:28.656238-05
28	1	movie.hard_delete	movie	3884	{"title": "The Dark Knight"}	127.0.0.1	2026-05-19 10:25:16.986727-05
29	1	movie.hard_delete	movie	3510	{"title": "Gladiator"}	127.0.0.1	2026-05-19 10:57:40.320598-05
30	1	movie.hard_delete	movie	4242	{"title": "El Caballero de la Noche"}	127.0.0.1	2026-05-20 22:11:01.743805-05
31	1	movie.update	movie	2188	{"updated_fields": ["title", "description", "year", "duration_min", "poster_url", "backdrop_url", "trailer_youtube_id"]}	127.0.0.1	2026-05-20 22:13:10.252413-05
32	1	movie.update	movie	4271	{"updated_fields": ["title", "description", "year", "duration_min", "poster_url", "backdrop_url", "trailer_youtube_id"]}	127.0.0.1	2026-05-22 13:05:20.93122-05
33	1	movie.update	movie	4271	{"updated_fields": ["title", "description", "year", "duration_min", "poster_url", "backdrop_url", "trailer_youtube_id"]}	127.0.0.1	2026-05-22 13:07:16.671239-05
34	1	movie.update	movie	4270	{"updated_fields": ["title", "description", "year", "duration_min", "poster_url", "backdrop_url", "trailer_youtube_id"]}	127.0.0.1	2026-05-22 13:20:18.935514-05
35	1	movie.update	movie	4270	{"updated_fields": ["title", "description", "year", "duration_min", "poster_url", "backdrop_url", "trailer_youtube_id"]}	127.0.0.1	2026-05-22 13:20:35.628289-05
36	1	movie.update	movie	4269	{"updated_fields": ["title", "description", "year", "duration_min", "poster_url", "backdrop_url", "trailer_youtube_id"]}	127.0.0.1	2026-05-22 13:23:28.761022-05
37	1	movie.update	movie	4268	{"updated_fields": ["title", "description", "year", "duration_min", "poster_url", "backdrop_url", "trailer_youtube_id"]}	127.0.0.1	2026-05-22 13:29:36.033065-05
38	1	movie.update	movie	4267	{"updated_fields": ["title", "description", "year", "duration_min", "poster_url", "backdrop_url", "trailer_youtube_id"]}	127.0.0.1	2026-05-22 13:32:43.054254-05
39	1	movie.update	movie	4266	{"updated_fields": ["title", "description", "year", "duration_min", "poster_url", "backdrop_url", "trailer_youtube_id"]}	127.0.0.1	2026-05-22 13:35:41.867997-05
40	1	movie.update	movie	4265	{"updated_fields": ["title", "description", "year", "duration_min", "poster_url", "backdrop_url", "trailer_youtube_id"]}	127.0.0.1	2026-05-22 13:37:48.104316-05
41	1	movie.update	movie	4264	{"updated_fields": ["title", "description", "year", "duration_min", "poster_url", "backdrop_url", "trailer_youtube_id"]}	127.0.0.1	2026-05-22 13:41:02.659414-05
42	1	movie.update	movie	4263	{"updated_fields": ["title", "description", "year", "duration_min", "poster_url", "backdrop_url", "trailer_youtube_id"]}	127.0.0.1	2026-05-22 13:46:49.289886-05
43	1	movie.update	movie	4262	{"updated_fields": ["title", "description", "year", "duration_min", "poster_url", "backdrop_url", "trailer_youtube_id"]}	127.0.0.1	2026-05-22 13:48:50.495637-05
44	1	movie.update	movie	4261	{"updated_fields": ["title", "description", "year", "duration_min", "poster_url", "backdrop_url", "trailer_youtube_id"]}	127.0.0.1	2026-05-22 13:50:07.207836-05
45	1	movie.update	movie	4260	{"updated_fields": ["title", "description", "year", "duration_min", "poster_url", "backdrop_url", "trailer_youtube_id"]}	127.0.0.1	2026-05-22 13:52:53.250466-05
46	1	movie.update	movie	4259	{"updated_fields": ["title", "description", "year", "duration_min", "poster_url", "backdrop_url", "trailer_youtube_id"]}	127.0.0.1	2026-05-22 13:55:55.05183-05
47	1	movie.update	movie	4258	{"updated_fields": ["title", "description", "year", "duration_min", "poster_url", "backdrop_url", "trailer_youtube_id"]}	127.0.0.1	2026-05-22 14:00:20.693629-05
48	1	movie.update	movie	4257	{"updated_fields": ["title", "description", "year", "duration_min", "poster_url", "backdrop_url", "trailer_youtube_id"]}	127.0.0.1	2026-05-22 14:09:47.550238-05
49	1	movie.update	movie	4256	{"updated_fields": ["title", "description", "year", "duration_min", "poster_url", "backdrop_url", "trailer_youtube_id"]}	127.0.0.1	2026-05-22 14:12:02.556195-05
50	1	movie.update	movie	4255	{"updated_fields": ["title", "description", "year", "duration_min", "poster_url", "backdrop_url", "trailer_youtube_id"]}	127.0.0.1	2026-05-22 14:14:11.337349-05
51	1	movie.update	movie	4254	{"updated_fields": ["title", "description", "year", "duration_min", "poster_url", "backdrop_url", "trailer_youtube_id"]}	127.0.0.1	2026-05-22 14:15:26.336968-05
52	1	movie.update	movie	4253	{"updated_fields": ["title", "description", "year", "duration_min", "poster_url", "backdrop_url", "trailer_youtube_id"]}	127.0.0.1	2026-05-22 14:17:13.686689-05
53	1	movie.update	movie	4252	{"updated_fields": ["title", "description", "year", "duration_min", "poster_url", "backdrop_url", "trailer_youtube_id"]}	127.0.0.1	2026-05-22 14:22:35.410515-05
54	1	movie.hard_delete	movie	3889	{"title": "Spider-Man: Into the Spider-Verse"}	127.0.0.1	2026-05-22 14:23:39.371566-05
55	1	movie.update	movie	2188	{"updated_fields": ["title", "description", "year", "duration_min", "poster_url", "backdrop_url", "trailer_youtube_id"]}	127.0.0.1	2026-05-22 14:25:09.126439-05
56	1	movie.update	movie	3901	{"updated_fields": []}	127.0.0.1	2026-05-25 08:37:21.335633-05
57	1	movie.update	movie	3901	{"updated_fields": []}	127.0.0.1	2026-05-25 08:37:26.032387-05
58	1	movie.update	movie	3901	{"updated_fields": []}	127.0.0.1	2026-05-25 08:37:27.811905-05
59	1	movie.hard_delete	movie	3901	{"title": "The Lord of the Rings: The Return of the King"}	127.0.0.1	2026-05-25 08:37:40.864494-05
\.


--
-- TOC entry 5272 (class 0 OID 16763)
-- Dependencies: 252
-- Data for Name: auth_group; Type: TABLE DATA; Schema: public; Owner: postgres
--

COPY public.auth_group (id, name) FROM stdin;
\.


--
-- TOC entry 5274 (class 0 OID 16771)
-- Dependencies: 254
-- Data for Name: auth_group_permissions; Type: TABLE DATA; Schema: public; Owner: postgres
--

COPY public.auth_group_permissions (id, group_id, permission_id) FROM stdin;
\.


--
-- TOC entry 5270 (class 0 OID 16757)
-- Dependencies: 250
-- Data for Name: auth_permission; Type: TABLE DATA; Schema: public; Owner: postgres
--

COPY public.auth_permission (id, name, content_type_id, codename) FROM stdin;
1	Can add permission	1	add_permission
2	Can change permission	1	change_permission
3	Can delete permission	1	delete_permission
4	Can view permission	1	view_permission
5	Can add group	2	add_group
6	Can change group	2	change_group
7	Can delete group	2	delete_group
8	Can view group	2	view_group
9	Can add user	3	add_user
10	Can change user	3	change_user
11	Can delete user	3	delete_user
12	Can view user	3	view_user
13	Can add content type	4	add_contenttype
14	Can change content type	4	change_contenttype
15	Can delete content type	4	delete_contenttype
16	Can view content type	4	view_contenttype
17	Can add session	5	add_session
18	Can change session	5	change_session
19	Can delete session	5	delete_session
20	Can view session	5	view_session
21	Can add subscription plan	6	add_subscriptionplan
22	Can change subscription plan	6	change_subscriptionplan
23	Can delete subscription plan	6	delete_subscriptionplan
24	Can view subscription plan	6	view_subscriptionplan
25	Can add user	7	add_user
26	Can change user	7	change_user
27	Can delete user	7	delete_user
28	Can view user	7	view_user
29	Can add user subscription	8	add_usersubscription
30	Can change user subscription	8	change_usersubscription
31	Can delete user subscription	8	delete_usersubscription
32	Can view user subscription	8	view_usersubscription
33	Can add password reset token	9	add_passwordresettoken
34	Can change password reset token	9	change_passwordresettoken
35	Can delete password reset token	9	delete_passwordresettoken
36	Can view password reset token	9	view_passwordresettoken
37	Can add genre	10	add_genre
38	Can change genre	10	change_genre
39	Can delete genre	10	delete_genre
40	Can view genre	10	view_genre
41	Can add person	11	add_person
42	Can change person	11	change_person
43	Can delete person	11	delete_person
44	Can view person	11	view_person
45	Can add movie	12	add_movie
46	Can change movie	12	change_movie
47	Can delete movie	12	delete_movie
48	Can view movie	12	view_movie
49	Can add movie genre	13	add_moviegenre
50	Can change movie genre	13	change_moviegenre
51	Can delete movie genre	13	delete_moviegenre
52	Can view movie genre	13	view_moviegenre
53	Can add movie person	14	add_movieperson
54	Can change movie person	14	change_movieperson
55	Can delete movie person	14	delete_movieperson
56	Can view movie person	14	view_movieperson
57	Can add rating	15	add_rating
58	Can change rating	15	change_rating
59	Can delete rating	15	delete_rating
60	Can view rating	15	view_rating
61	Can add watch history	16	add_watchhistory
62	Can change watch history	16	change_watchhistory
63	Can delete watch history	16	delete_watchhistory
64	Can view watch history	16	view_watchhistory
65	Can add recommendation	17	add_recommendation
66	Can change recommendation	17	change_recommendation
67	Can delete recommendation	17	delete_recommendation
68	Can view recommendation	17	view_recommendation
69	Can add user genre preference	18	add_usergenrepreference
70	Can change user genre preference	18	change_usergenrepreference
71	Can delete user genre preference	18	delete_usergenrepreference
72	Can view user genre preference	18	view_usergenrepreference
73	Can add user actor preference	19	add_useractorpreference
74	Can change user actor preference	19	change_useractorpreference
75	Can delete user actor preference	19	delete_useractorpreference
76	Can view user actor preference	19	view_useractorpreference
77	Can add model metrics	20	add_modelmetrics
78	Can change model metrics	20	change_modelmetrics
79	Can delete model metrics	20	delete_modelmetrics
80	Can view model metrics	20	view_modelmetrics
81	Can add admin log	21	add_adminlog
82	Can change admin log	21	change_adminlog
83	Can delete admin log	21	delete_adminlog
84	Can view admin log	21	view_adminlog
85	Can add log entry	22	add_logentry
86	Can change log entry	22	change_logentry
87	Can delete log entry	22	delete_logentry
88	Can view log entry	22	view_logentry
\.


--
-- TOC entry 5276 (class 0 OID 16777)
-- Dependencies: 256
-- Data for Name: auth_user; Type: TABLE DATA; Schema: public; Owner: postgres
--

COPY public.auth_user (id, password, last_login, is_superuser, username, first_name, last_name, email, is_staff, is_active, date_joined) FROM stdin;
1	pbkdf2_sha256$870000$CJuLObKMorIbTi5ygdr8U0$pZ6I1NA3ZxH8LQtIuOKb4E6Ftxf7EG0CgUt2V20Ggag=	2026-05-16 22:52:38.310356-05	t	admin				t	t	2026-05-16 22:52:20.451545-05
\.


--
-- TOC entry 5278 (class 0 OID 16785)
-- Dependencies: 258
-- Data for Name: auth_user_groups; Type: TABLE DATA; Schema: public; Owner: postgres
--

COPY public.auth_user_groups (id, user_id, group_id) FROM stdin;
\.


--
-- TOC entry 5280 (class 0 OID 16791)
-- Dependencies: 260
-- Data for Name: auth_user_user_permissions; Type: TABLE DATA; Schema: public; Owner: postgres
--

COPY public.auth_user_user_permissions (id, user_id, permission_id) FROM stdin;
\.


--
-- TOC entry 5283 (class 0 OID 16866)
-- Dependencies: 263
-- Data for Name: django_admin_log; Type: TABLE DATA; Schema: public; Owner: postgres
--

COPY public.django_admin_log (id, action_time, object_id, object_repr, action_flag, change_message, content_type_id, user_id) FROM stdin;
\.


--
-- TOC entry 5268 (class 0 OID 16749)
-- Dependencies: 248
-- Data for Name: django_content_type; Type: TABLE DATA; Schema: public; Owner: postgres
--

COPY public.django_content_type (id, app_label, model) FROM stdin;
1	auth	permission
2	auth	group
3	auth	user
4	contenttypes	contenttype
5	sessions	session
6	users	subscriptionplan
7	users	user
8	users	usersubscription
9	users	passwordresettoken
10	movies	genre
11	movies	person
12	movies	movie
13	movies	moviegenre
14	movies	movieperson
15	ratings	rating
16	ratings	watchhistory
17	recommendations	recommendation
18	recommendations	usergenrepreference
19	recommendations	useractorpreference
20	admin_panel	modelmetrics
21	admin_panel	adminlog
22	admin	logentry
\.


--
-- TOC entry 5266 (class 0 OID 16741)
-- Dependencies: 246
-- Data for Name: django_migrations; Type: TABLE DATA; Schema: public; Owner: postgres
--

COPY public.django_migrations (id, app, name, applied) FROM stdin;
1	contenttypes	0001_initial	2026-05-16 18:17:50.745554-05
2	contenttypes	0002_remove_content_type_name	2026-05-16 18:17:50.767426-05
3	auth	0001_initial	2026-05-16 18:17:50.858048-05
4	auth	0002_alter_permission_name_max_length	2026-05-16 18:17:50.866344-05
5	auth	0003_alter_user_email_max_length	2026-05-16 18:17:50.873609-05
6	auth	0004_alter_user_username_opts	2026-05-16 18:17:50.878757-05
7	auth	0005_alter_user_last_login_null	2026-05-16 18:17:50.885476-05
8	auth	0006_require_contenttypes_0002	2026-05-16 18:17:50.886652-05
9	auth	0007_alter_validators_add_error_messages	2026-05-16 18:17:50.893885-05
10	auth	0008_alter_user_username_max_length	2026-05-16 18:17:50.91003-05
11	auth	0009_alter_user_last_name_max_length	2026-05-16 18:17:50.919262-05
12	auth	0010_alter_group_name_max_length	2026-05-16 18:17:50.929034-05
13	auth	0011_update_proxy_permissions	2026-05-16 18:17:50.950752-05
14	auth	0012_alter_user_first_name_max_length	2026-05-16 18:17:50.957424-05
15	sessions	0001_initial	2026-05-16 18:17:50.969452-05
16	admin	0001_initial	2026-05-16 22:47:19.933453-05
17	admin	0002_logentry_remove_auto_add	2026-05-16 22:47:19.939715-05
18	admin	0003_logentry_add_action_flag_choices	2026-05-16 22:47:19.944648-05
\.


--
-- TOC entry 5281 (class 0 OID 16856)
-- Dependencies: 261
-- Data for Name: django_session; Type: TABLE DATA; Schema: public; Owner: postgres
--

COPY public.django_session (session_key, session_data, expire_date) FROM stdin;
rr0ntp930165rssolb378uy3p7whhlyw	.eJxVjDsOwjAQBe_iGlnr-E9JnzNY67WNAyiW4qRC3J1ESgHtm5n3ZgG3tYat5yVMiV2ZYJffLSI983yA9MD53ji1eV2myA-Fn7TzsaX8up3u30HFXvdaexTDoKxV0btMCGXwCUpJ3iAp0NokH5WVRF5EkE7uMiKAI2OLAWSfL9TkN2s:1wOSYQ:gbZfnsl8YdHZD9WbcjNwrBPe-xru2uJuLv5_q8yMUuY	2026-05-30 22:52:38.312478-05
\.


--
-- TOC entry 5243 (class 0 OID 16476)
-- Dependencies: 223
-- Data for Name: genres; Type: TABLE DATA; Schema: public; Owner: postgres
--

COPY public.genres (id, name, slug) FROM stdin;
1	Acción	action
2	Aventura	adventure
3	Animación	animation
4	Infantil	childrens
5	Comedia	comedy
6	Crimen	crime
7	Documental	documentary
9	Fantasía	fantasy
10	Cine Negro	film-noir
11	Terror	horror
13	Misterio	mystery
15	Ciencia Ficción	sci-fi
16	Suspenso	thriller
17	Guerra	war
18	Viejo Oeste	western
8	Drama	drama
12	Musical	musical
14	Romance	romance
\.


--
-- TOC entry 5260 (class 0 OID 16679)
-- Dependencies: 240
-- Data for Name: model_metrics; Type: TABLE DATA; Schema: public; Owner: postgres
--

COPY public.model_metrics (id, version, rmse, mae, rmse_cv, precision_at_5, precision_at_10, recall_at_5, ndcg_at_5, ndcg_at_10, f1_dt, improvement_pct, n_users, n_movies, n_ratings, trained_at, notes) FROM stdin;
1	1.0	0.847000	0.658800	0.963800	0.405900	0.305100	0.165600	0.471800	0.416500	0.719800	22.19	6040	3416	999611	2026-05-16 13:34:38.604976-05	Modelo inicial. SVD scipy k=50. Trained on MovieLens 1M + StreamFlix attributes.
\.


--
-- TOC entry 5248 (class 0 OID 16525)
-- Dependencies: 228
-- Data for Name: movie_genres; Type: TABLE DATA; Schema: public; Owner: postgres
--

COPY public.movie_genres (movie_id, genre_id, is_primary) FROM stdin;
4271	9	f
4270	9	f
4269	9	f
4268	2	f
4267	2	f
4266	2	f
4265	8	f
4264	8	f
4263	8	f
4262	15	f
4261	15	f
4260	15	f
4259	1	f
4258	1	f
1953	9	f
1953	15	f
4257	1	f
4256	11	f
4255	11	f
4254	11	f
4253	11	f
2188	16	f
3885	1	t
3886	2	t
3887	2	t
3888	3	t
3890	3	t
3891	5	t
3892	5	t
3893	5	t
3894	6	t
3895	6	t
3896	8	t
3897	8	t
3898	8	t
3899	9	t
3900	9	t
3902	11	t
3903	11	t
3904	11	t
3905	15	t
3906	15	t
3907	15	t
3908	14	t
3909	14	t
3910	14	t
3911	16	t
3912	16	t
3913	16	t
3914	4	t
3915	4	t
3916	4	t
3917	4	t
3918	4	t
3919	7	t
3920	7	t
3921	7	t
3922	7	t
3923	7	t
3924	10	t
3925	10	t
3926	10	t
3927	10	t
3928	10	t
3929	12	t
3930	12	t
3931	12	t
3932	12	t
3933	12	t
3934	13	t
3935	13	t
3936	13	t
3937	13	t
3938	13	t
3939	17	t
3940	17	t
3941	17	t
3942	17	t
3943	17	t
3944	18	t
3945	18	t
3946	18	t
3947	18	t
3948	1	t
3949	1	t
3950	2	t
3951	2	t
3952	3	t
3953	3	t
3954	5	t
3955	5	t
3956	6	t
3957	6	t
3958	8	t
3959	8	t
3960	9	t
3961	9	t
3962	11	t
3963	11	t
3964	14	t
3965	14	t
3966	15	t
3967	15	t
3968	16	t
3969	16	t
3970	1	t
3971	1	t
3972	1	t
3973	1	t
3974	1	t
3975	1	t
3976	1	t
3977	1	t
3978	1	t
3979	1	t
3980	2	t
3981	2	t
3982	2	t
3983	2	t
3984	2	t
3985	2	t
3986	2	t
3987	2	t
3988	2	t
3989	2	t
3990	2	t
3991	3	t
3992	3	t
3993	3	t
3994	3	t
3995	3	t
3996	3	t
3997	3	t
3998	3	t
3999	3	t
4000	3	t
4001	4	t
4002	4	t
4003	4	t
4004	4	t
4005	4	t
4006	4	t
4007	4	t
4008	4	t
4009	4	t
4010	4	t
4011	5	t
4012	5	t
4013	5	t
4014	5	t
4015	5	t
4016	5	t
4017	5	t
4018	5	t
4019	5	t
4020	5	t
4021	6	t
4022	6	t
4023	6	t
4024	6	t
4025	6	t
4026	6	t
4027	6	t
4028	6	t
4029	6	t
4030	6	t
4031	6	t
4032	7	t
4033	7	t
4034	7	t
4035	7	t
4036	7	t
4037	7	t
4038	7	t
4039	7	t
4040	7	t
4041	7	t
4042	9	t
4043	9	t
4044	9	t
4045	9	t
4046	9	t
4047	9	t
4048	9	t
4049	9	t
4050	9	t
4051	10	t
4052	10	t
4053	10	t
4054	10	t
4055	10	t
4056	10	t
4057	10	t
4058	10	t
4059	10	t
4060	10	t
4061	11	t
4062	11	t
4063	11	t
4064	11	t
4065	11	t
4066	11	t
4067	11	t
4068	11	t
4069	11	t
4070	13	t
4071	13	t
4072	13	t
4073	13	t
4074	13	t
4075	13	t
4076	13	t
4077	13	t
4078	13	t
4079	13	t
4080	15	t
4081	15	t
4082	15	t
4083	15	t
4084	15	t
4085	15	t
4086	15	t
4087	15	t
4088	16	t
4089	16	t
4090	16	t
4091	16	t
4092	16	t
4093	16	t
4094	16	t
4095	16	t
4096	16	t
4097	16	t
4098	17	t
4099	17	t
4100	17	t
4101	17	t
4102	17	t
4103	17	t
4104	17	t
4105	17	t
4106	17	t
4107	17	t
4108	18	t
4109	18	t
4110	18	t
4111	18	t
4112	18	t
4113	18	t
4114	18	t
4115	18	t
4116	18	t
4117	18	t
4118	18	t
4119	8	t
4120	8	t
4121	8	t
4122	8	t
4123	8	t
4124	8	t
4125	8	t
4126	8	t
4127	8	t
4128	12	t
4129	12	t
4130	12	t
4131	12	t
4132	12	t
4133	12	t
4134	12	t
4135	12	t
4136	12	t
4137	12	t
4138	14	t
4139	14	t
4140	14	t
4141	14	t
4142	14	t
4143	14	t
4144	14	t
4145	14	t
4146	14	t
4147	14	t
4148	1	t
4149	1	t
4150	1	t
4151	1	t
4152	1	t
4153	2	t
4154	2	t
4155	2	t
4156	2	t
4157	2	t
4158	3	t
4159	3	t
4160	3	t
4161	3	t
4162	3	t
4163	4	t
4164	4	t
4165	4	t
4166	4	t
4167	4	t
4168	5	t
4169	5	t
4170	5	t
4171	5	t
4172	5	t
4173	6	t
4174	6	t
4175	6	t
4176	6	t
4177	6	t
4178	7	t
4179	7	t
4180	7	t
4181	7	t
4182	7	t
4183	9	t
4184	9	t
4185	9	t
4186	9	t
4187	9	t
4188	10	t
4189	10	t
4190	10	t
4191	10	t
4192	10	t
4193	11	t
4194	11	t
4195	11	t
4196	11	t
4197	11	t
4198	13	t
4199	13	t
4200	13	t
4201	13	t
4202	13	t
4203	15	t
4204	15	t
4205	15	t
4206	15	t
4207	15	t
4208	16	t
4209	16	t
4210	16	t
4211	16	t
4212	16	t
4213	17	t
4214	17	t
4215	17	t
4216	17	t
4217	17	t
4218	18	t
4219	18	t
4220	18	t
4221	18	t
4222	18	t
4223	8	t
4224	8	t
4225	8	t
4226	8	t
4227	8	t
4228	12	t
4229	12	t
4230	12	t
4231	12	t
4232	12	t
4233	14	t
4234	14	t
4235	14	t
4236	14	t
4237	14	t
4238	1	t
4239	1	t
4240	1	t
4241	1	t
4243	1	t
4244	15	t
4245	3	t
3887	15	t
4246	15	t
4247	15	t
4248	15	t
4249	15	t
3989	15	t
3908	12	t
4250	17	t
\.


--
-- TOC entry 5249 (class 0 OID 16541)
-- Dependencies: 229
-- Data for Name: movie_people; Type: TABLE DATA; Schema: public; Owner: postgres
--

COPY public.movie_people (movie_id, person_id, role, "character", billing) FROM stdin;
\.


--
-- TOC entry 5247 (class 0 OID 16498)
-- Dependencies: 227
-- Data for Name: movies; Type: TABLE DATA; Schema: public; Owner: postgres
--

COPY public.movies (id, movielens_id, title, title_original, slug, description, year, duration_min, content_rating, language, country, poster_url, backdrop_url, trailer_youtube_id, imdb_rating, weighted_rating, avg_rating, num_ratings, is_original, award_winner, is_active, min_plan_id, created_at, updated_at) FROM stdin;
4243	\N	El Caballero de la Noche Asciende	El Caballero de la Noche Asciende	el-caballero-de-la-noche-asciende	Tras la muerte del fiscal de distrito Harvey Dent, Batman asume la responsabilidad de sus crímenes para proteger su reputación y, posteriormente, es perseguido por el Departamento de Policía de Gotham City. Ocho años después, Batman se encuentra con la misteriosa Selina Kyle y el villano Bane, un nuevo líder terrorista que pone en jaque a la policía de Gotham. El Caballero Oscuro reaparece para proteger una ciudad que lo ha tachado de enemigo.	2012	164	PG-13	Español	USA	https://media.themoviedb.org/t/p/w600_and_h900_face/hr0L2aueqlP2BYUblTTjmtn0hw4.jpg		g8evyE9TuYk	8.4	8.4000	8.4000	50000	f	f	t	4	2026-05-19 08:47:17.410749-05	2026-05-19 09:28:34.273612-05
3920	\N	The Social Dilemma	The Social Dilemma	the-social-dilemma	Expertos tecnológicos revelan el lado oscuro de las redes sociales.	2020	94	PG-13	English	USA	https://image.tmdb.org/t/p/w600_and_h900_bestv2/jcaM6V2tCtu6iMHDsGLBUbaYgYp.jpg	https://image.tmdb.org/t/p/original/iYqoT9VBGdGTuLl3cjfbG7ZXDkP.jpg	uaaC57tcci0	7.6	7.6000	7.6000	50000	f	f	t	\N	2026-05-17 22:13:52.68271-05	2026-05-17 22:53:18.189188-05
3921	\N	My Octopus Teacher	My Octopus Teacher	my-octopus-teacher	Un cineasta forja una amistad con un pulpo en el océano sudafricano.	2020	85	PG-13	English	USA	https://image.tmdb.org/t/p/w600_and_h900_bestv2/hvTVZb7hBC8tZAGoEhH5eiMJu2B.jpg	https://image.tmdb.org/t/p/original/sW7VOrkHKYIeV9PaYc5IqGU2XK8.jpg	3s0LTDhqe5A	8.1	8.1000	8.1000	50000	f	f	t	\N	2026-05-17 22:13:52.68463-05	2026-05-17 22:53:19.824863-05
3922	\N	13th	13th	13th	Exploración de la intersección entre raza, justicia y encarcelamiento masivo en EE.UU.	2016	100	PG-13	English	USA	https://image.tmdb.org/t/p/w600_and_h900_bestv2/88wlJ4teYlck4hJ2bnlxBrAVh0m.jpg	https://image.tmdb.org/t/p/original/nQvMQWJtd5cSRJelDTp5WfEqyx5.jpg	J-gx4AHReGs	8.2	8.2000	8.2000	50000	f	f	t	\N	2026-05-17 22:13:52.686214-05	2026-05-17 22:53:21.553628-05
3923	\N	Man on Wire	Man on Wire	man-on-wire	La historia del funambulista que cruzó las Torres Gemelas en 1974.	2008	94	PG-13	English	USA	https://image.tmdb.org/t/p/w600_and_h900_bestv2/1mS4rhIgHZcHIvf1beP9Av0Ui33.jpg	https://image.tmdb.org/t/p/original/yKEe2nFu4fRYcmVdeAwZxTZvP3g.jpg	EIawNRm9NWM	7.7	7.7000	7.7000	50000	f	f	t	\N	2026-05-17 22:13:52.687691-05	2026-05-17 22:53:23.221989-05
3924	\N	Drive	Drive	drive	Un conductor de stunts que trabaja como chofer en robos nocturno se enamora de su vecina.	2011	100	PG-13	English	USA	https://image.tmdb.org/t/p/w600_and_h900_bestv2/602vevIURmpDfzbnv5Ubi6wIkQm.jpg	https://image.tmdb.org/t/p/original/iymDDg4upZWgpbSeiE1JCjsSPBs.jpg	LrvTE9cYypM	7.8	7.8000	7.8000	50000	f	f	t	\N	2026-05-17 22:13:52.690109-05	2026-05-17 22:53:24.500433-05
3925	\N	Zodiac	Zodiac	zodiac	La caza del asesino en serie Zodiac que aterrorizó San Francisco.	2007	157	PG-13	English	USA	https://image.tmdb.org/t/p/w600_and_h900_bestv2/6YmeO4pB7XTh8P8F960O1uA14JO.jpg	https://image.tmdb.org/t/p/original/3zCPI4JFc54xvLaJ71oI2KoP3az.jpg	yNncHPl1UXg	7.7	7.7000	7.7000	50000	f	f	t	\N	2026-05-17 22:13:52.691716-05	2026-05-17 22:53:26.138252-05
3926	\N	Sin City	Sin City	sin-city	Historias entrelazadas de la oscura y violenta Basin City.	2005	124	PG-13	English	USA	https://image.tmdb.org/t/p/w600_and_h900_bestv2/i66G50wATMmPrvpP95f0XP6ZdVS.jpg	https://image.tmdb.org/t/p/original/t9kQnqiaxQ8TLB25rTzDKLd0fdM.jpg	0p0h_YCinMs	8.0	8.0000	8.0000	50000	f	f	t	\N	2026-05-17 22:13:52.693192-05	2026-05-17 22:53:27.776543-05
3927	\N	Brick	Brick	brick	Un estudiante investiga la desaparición de su ex novia en el mundo criminal.	2005	110	PG-13	English	USA	https://image.tmdb.org/t/p/w600_and_h900_bestv2/5WVk8JpNIxepn4fpZzQeCumkOL5.jpg	https://image.tmdb.org/t/p/original/sDr2KjWpEbJ8M1F88rEmhoczLkX.jpg	awbOgB7yB_Q	7.3	7.3000	7.3000	50000	f	f	t	\N	2026-05-17 22:13:52.694586-05	2026-05-17 22:53:29.484002-05
3928	\N	Mulholland Drive	Mulholland Drive	mulholland-drive	Una mujer amnésica y una actriz aspirante se unen en el misterioso Hollywood.	2001	147	PG-13	English	USA	https://image.tmdb.org/t/p/w600_and_h900_bestv2/x7A59t6ySylr1L7aubOQEA480vM.jpg	https://image.tmdb.org/t/p/original/g9ClaS5EqU0Hk8WIbMNhld0Bk6f.jpg	3oa64ktrwKY	7.9	7.9000	7.9000	50000	f	f	t	\N	2026-05-17 22:13:52.697289-05	2026-05-17 22:53:31.198072-05
3929	\N	Whiplash	Whiplash	whiplash	Un joven baterista persigue la grandeza bajo la tutela de un instructor abusivo.	2014	107	PG-13	English	USA	https://m.media-amazon.com/images/M/MV5BOTA5NDZlZGUtMjAxOS00YTRkLTkwYmMtYWQ0NWEwZDZiNjEzXkEyXkFqcGdeQXVyMTMxODk2OTU@._V1_SX300.jpg	https://image.tmdb.org/t/p/original/7fn624j5lj3xTme2SgiLCeuedmO.jpg	Q7kZy3T6vRM	8.5	8.5000	4.0000	1	f	f	t	\N	2026-05-17 22:13:52.699096-05	2026-05-17 22:53:32.915529-05
3930	\N	Bohemian Rhapsody	Bohemian Rhapsody	bohemian-rhapsody	La historia del icónico vocalista de Queen, Freddie Mercury.	2018	134	PG-13	English	USA	https://image.tmdb.org/t/p/w600_and_h900_bestv2/lHu1wtNaczFPGFDTrjCSzeLPTKN.jpg	https://image.tmdb.org/t/p/original/dcvbs8z0GEXslC1kCT77x19XDeR.jpg	27zlBpzdOZg	7.9	7.9000	7.9000	50000	f	f	t	\N	2026-05-17 22:13:52.700536-05	2026-05-17 22:53:34.58364-05
3931	\N	Chicago	Chicago	chicago	Dos asesinas compiten por fama y fortuna en el Chicago de los años 20.	2002	113	PG-13	English	USA	https://image.tmdb.org/t/p/w600_and_h900_bestv2/3ED8cWCXY9zkx77Sd0N5qMbsdDP.jpg	https://image.tmdb.org/t/p/original/jkyqFgqmZlH5vSURckq0GgsewOY.jpg	YwXWryx-oJ0	7.2	7.2000	7.2000	50000	f	f	t	\N	2026-05-17 22:13:52.701917-05	2026-05-17 22:53:36.311875-05
3932	\N	Moulin Rouge!	Moulin Rouge!	moulin-rouge	Un escritor se enamora de una bella cortesana en el París de 1900.	2001	127	PG-13	English	USA	https://image.tmdb.org/t/p/w600_and_h900_bestv2/2kjM5CUZRIU5yOANUowrbJcRL9L.jpg	https://image.tmdb.org/t/p/original/vvcLSgiviCIU0J0UcwLqWdU8Iup.jpg	2PpgPxjzbkA	7.6	7.6000	7.6000	50000	f	f	t	\N	2026-05-17 22:13:52.704778-05	2026-05-17 22:53:37.980909-05
3918	\N	Raya and the Last Dragon	Raya and the Last Dragon	raya-and-the-last-dragon	Una guerrera busca al último dragón para salvar a su mundo fragmentado.	2021	107	PG-13	English	USA	https://image.tmdb.org/t/p/w600_and_h900_bestv2/5nVhgCzxKbK47OLIKxCR1syulOn.jpg	https://image.tmdb.org/t/p/original/zmX7ObPaRfiCmY6LMalUb1bJDKj.jpg	l4QQS2gNmPc	7.3	7.3000	4.0000	1	f	f	t	\N	2026-05-17 22:13:52.678354-05	2026-05-17 22:53:14.852175-05
3915	\N	Paddington	Paddington	paddington	Un oso parlante de Perú viaja a Londres buscando un hogar.	2014	95	PG-13	English	USA	https://image.tmdb.org/t/p/w600_and_h900_bestv2/wpchRGhRhvhtU083PfX2yixXtiw.jpg	https://image.tmdb.org/t/p/original/kfofK4GzJsJZhCShqZY438c8Y4Y.jpg	7bZFr2IA0Bo	7.2	7.2000	7.2000	50000	f	f	t	\N	2026-05-17 22:13:52.672132-05	2026-05-17 22:53:10.928879-05
3916	\N	Wonka	Wonka	wonka	Los primeros años del excéntrico chocolatero Willy Wonka.	2023	116	PG-13	English	USA	https://image.tmdb.org/t/p/w600_and_h900_bestv2/qhb1qOilapbapxWQn9jtRCMwXJF.jpg	https://image.tmdb.org/t/p/original/uIk2g2bRkNwNywKZIhC5oIU94Kh.jpg	LiILH5WOAAk	7.2	7.2000	7.2000	50000	f	f	t	\N	2026-05-17 22:13:52.674204-05	2026-05-17 22:53:12.214457-05
3917	\N	The BFG	The BFG	the-bfg	Una niña huérfana hace amistad con un gigante amigable llamado BFG.	2016	117	PG-13	English	USA	https://image.tmdb.org/t/p/w600_and_h900_bestv2/w17Mc2x2olB5CtewznUFxgpvne0.jpg	https://image.tmdb.org/t/p/original/tOTtJelsPKX0bvSdvDVL2ou3cGS.jpg	ccwODKzoHYI	6.4	6.4000	6.4000	50000	f	f	t	\N	2026-05-17 22:13:52.676619-05	2026-05-17 22:53:13.548653-05
3919	\N	Free Solo	Free Solo	free-solo	Alex Honnold intenta escalar El Capitan sin cuerdas de seguridad.	2018	100	PG-13	English	USA	https://image.tmdb.org/t/p/w600_and_h900_bestv2/v4QfYZMACODlWul9doN9RxE99ag.jpg	https://image.tmdb.org/t/p/original/z2uuQasY4gQJ8VDAFki746JWeQJ.jpg	urRVZ4SW7WU	8.2	8.2000	8.2000	50000	f	f	t	\N	2026-05-17 22:13:52.680023-05	2026-05-17 22:53:16.519929-05
3936	\N	Memento	Memento	memento	Un hombre con pérdida de memoria a corto plazo intenta encontrar al asesino de su esposa.	2000	113	PG-13	English	USA	https://image.tmdb.org/t/p/w600_and_h900_bestv2/fKTPH2WvH8nHTXeBYBVhawtRqtR.jpg	https://image.tmdb.org/t/p/original/7Wev9JMo6R5XAfz2KDvXb7oPMmy.jpg	Rq9eM4ZXRgs	8.4	8.4000	8.4000	50000	f	f	t	\N	2026-05-17 22:13:52.711453-05	2026-05-17 22:53:44.256741-05
3940	\N	1917	1917	1917	Dos soldados son enviados en una carrera contra el tiempo para detener una emboscada masiva.	2019	119	PG-13	English	USA	https://image.tmdb.org/t/p/w600_and_h900_bestv2/iZf0KyrE25z1sage4SYFLCCrMi9.jpg	https://image.tmdb.org/t/p/original/2lBOQK06tltt8SQaswgb8d657Mv.jpg	YrbdN5zaouU	8.3	8.3000	8.3000	50000	f	f	t	\N	2026-05-17 22:13:52.719218-05	2026-05-17 22:53:50.096524-05
3941	\N	Hacksaw Ridge	Hacksaw Ridge	hacksaw-ridge	La historia de Desmond Doss, el primer objetor de conciencia en ganar la Medalla de Honor.	2016	139	PG-13	English	USA	https://m.media-amazon.com/images/M/MV5BMjQ1NjM3MTUxNV5BMl5BanBnXkFtZTgwMDc5MTY5OTE@._V1_SX300.jpg	https://image.tmdb.org/t/p/original/aCix6jxbFvPC6rKz7KP4nL0HMGU.jpg	s2-1hz1juBI	8.1	8.1000	8.1000	50000	f	f	t	\N	2026-05-17 22:13:52.720637-05	2026-05-17 22:53:51.75026-05
3944	\N	Django Unchained	Django Unchained	django-unchained	Un esclavo liberado se alía con un cazarrecompensas para rescatar a su esposa.	2012	165	PG-13	English	USA	https://m.media-amazon.com/images/M/MV5BMjIyNTQ5NjQ1OV5BMl5BanBnXkFtZTcwODg1MDU4OA@@._V1_SX300.jpg	https://image.tmdb.org/t/p/original/5WJnHnG6JgPa2OFcRJEfgMHqm8v.jpg	_iH0UBYDI4g	8.4	8.4000	8.4000	50000	f	f	t	\N	2026-05-17 22:13:52.725875-05	2026-05-17 22:53:56.753973-05
3945	\N	Hell or High Water	Hell or High Water	hell-or-high-water	Dos hermanos roban bancos en Texas mientras un agente federal retirado los persigue.	2016	102	PG-13	English	USA	https://image.tmdb.org/t/p/w600_and_h900_bestv2/ljRRxqy2aXIkIBXLmOVifcOR021.jpg	https://image.tmdb.org/t/p/original/6s8BdbXyWf1SZJXupsepayLj3su.jpg	igD-fXiHRRY	7.7	7.7000	7.7000	50000	f	f	t	\N	2026-05-17 22:13:52.728026-05	2026-05-17 22:53:58.375822-05
3908	\N	La La Land	La La Land	la-la-land	Mia, an aspiring actress, serves lattes to movie stars in between auditions and Sebastian, a jazz musician, scrapes by playing cocktail party gigs in dingy bars, but as success mounts they are faced with decisions that begin to fray the fragile fabric of their love affair, and the dreams they worked so hard to maintain in each other threaten to rip them apart.	2016	128	PG-13	Español	USA	https://media.themoviedb.org/t/p/w600_and_h900_face/uDO8zWDhfWwoFdKS4fzkUJt0Rf0.jpg		0pdqf4P9MB8	8.0	8.0000	8.0000	50000	f	f	t	2	2026-05-16 23:14:39.15789-05	2026-05-19 09:35:27.445983-05
4197	\N	Alien: El Octavo Pasajero	Alien	alien-el-octavo-pasajero	Después de que una nave espacial de comercio reciba una transmisión desconocida, aterrizan en la luna de origen para investigar pero un miembro de la tripulación es atacado por una forma de vida misteriosa. Pronto descubren que su ciclo de vida apenas comienza.	1979	120	PG-13	es	\N	https://image.tmdb.org/t/p/w600_and_h900_bestv2/pZ9cAe5FxexJjpCaeiETbXzz3Fs.jpg	https://image.tmdb.org/t/p/original/cEobq5QrnOJjO6giDs8q4RxmMKh.jpg	bM01Al2SWx4	\N	8.1700	5.0000	1	f	f	t	\N	2026-05-18 00:01:21.284096-05	2026-05-18 00:01:21.284117-05
3933	\N	Elvis	Elvis	elvis	La vida del legendario Elvis Presley y su compleja relación con su representante.	2022	159	PG-13	English	USA	https://image.tmdb.org/t/p/w600_and_h900_bestv2/rva3UhKaMeiB0Vej5A2pm1leX7K.jpg	https://image.tmdb.org/t/p/original/xyS0NgcQ2pbGWcwvSSu3xKEBhoO.jpg	ZbrmBotVIGw	7.3	7.3000	7.3000	50000	f	f	t	\N	2026-05-17 22:13:52.706216-05	2026-05-17 22:53:39.618811-05
3934	\N	Glass Onion	Glass Onion	glass-onion	El detective Benoit Blanc investiga un misterio en una isla privada de un magnate.	2022	140	PG-13	English	USA	https://image.tmdb.org/t/p/w600_and_h900_bestv2/vDGr1YdrlfbU9wxTOdpf3zChmv9.jpg	https://image.tmdb.org/t/p/original/dKqa850uvbNSCaQCV4Im1XlzEtQ.jpg	tFXrdgtNBD4	7.1	7.1000	7.1000	50000	f	f	t	\N	2026-05-17 22:13:52.707721-05	2026-05-17 22:53:40.904907-05
3937	\N	Prisoners	Prisoners	prisoners	Cuando desaparecen dos niñas, un desesperado padre toma la ley en sus manos.	2013	153	PG-13	English	USA	https://m.media-amazon.com/images/M/MV5BMTg0NTIzMjQ1NV5BMl5BanBnXkFtZTcwNDc3MzM5OQ@@._V1_SX300.jpg	https://image.tmdb.org/t/p/original/iMKHVvUjSAVNJFKEQCM3fqXEMjE.jpg	P99iQMCI32U	8.1	8.1000	8.1000	50000	f	f	t	\N	2026-05-17 22:13:52.713211-05	2026-05-17 22:53:45.575026-05
3938	\N	The Girl with the Dragon Tattoo	The Girl with the Dragon Tattoo	the-girl-with-the-dragon-tattoo	Un periodista y una hacker investigan la desaparición de una heredera hace 40 años.	2011	158	PG-13	English	USA	https://image.tmdb.org/t/p/w600_and_h900_bestv2/8bokS83zGdhaXgN9tjidUKmAftW.jpg	https://image.tmdb.org/t/p/original/dNFbrnF0mIBm0rClbfEFWTtsgMP.jpg	svucpVzRBD4	7.8	7.8000	7.8000	50000	f	f	t	\N	2026-05-17 22:13:52.714742-05	2026-05-17 22:53:47.26294-05
3939	\N	Dunkirk	Dunkirk	dunkirk	La evacuación de soldados aliados en la playa de Dunkerque durante la Segunda Guerra Mundial.	2017	106	PG-13	English	USA	https://image.tmdb.org/t/p/w600_and_h900_bestv2/b4Oe15CGLL61Ped0RAS9JpqdmCt.jpg	https://image.tmdb.org/t/p/original/ddIkmH3TpR6XSc47jj0BrGK5Rbz.jpg	T7O7BtBnsG4	7.9	7.9000	7.9000	50000	f	f	t	\N	2026-05-17 22:13:52.71739-05	2026-05-17 22:53:48.848845-05
3942	\N	The Hurt Locker	The Hurt Locker	the-hurt-locker	Un equipo de artificieros en Iraq arriesga su vida desactivando bombas.	2008	131	PG-13	English	USA	https://image.tmdb.org/t/p/w600_and_h900_bestv2/io2dfBJhasvGbgkCX9cCGVOiA99.jpg	https://image.tmdb.org/t/p/original/nKieVGBCZQfcylwO7mOMPaug8f2.jpg	4mgWq9wZs2o	7.5	7.5000	7.5000	50000	f	f	t	\N	2026-05-17 22:13:52.721952-05	2026-05-17 22:53:53.416299-05
3943	\N	Fury	Fury	fury	Un veterano sargento de tanques lidera una misión imposible en los últimos días de la Segunda Guerra Mundial.	2014	134	PG-13	English	USA	https://image.tmdb.org/t/p/w600_and_h900_bestv2/pfte7wdMobMF4CVHuOxyu6oqeeA.jpg	https://image.tmdb.org/t/p/original/95ckrV6wQgbffurAVmETQ5YKASL.jpg	09w9MTtZDEM	7.6	7.6000	7.6000	50000	f	f	t	\N	2026-05-17 22:13:52.724288-05	2026-05-17 22:53:55.071453-05
3946	\N	The Hateful Eight	The Hateful Eight	the-hateful-eight	Ocho desconocidos quedan atrapados en una cabaña durante una tormenta de nieve en Wyoming.	2015	187	PG-13	English	USA	https://image.tmdb.org/t/p/w600_and_h900_bestv2/jIywvdPjia2t3eKYbjVTcwBQlG8.jpg	https://image.tmdb.org/t/p/original/7g1zO5t0bd27Iqn5ZUDJmksOGPJ.jpg	hg6aPgJCEQo	7.8	7.8000	7.8000	50000	f	f	t	\N	2026-05-17 22:13:52.729504-05	2026-05-17 22:53:59.64337-05
3947	\N	News of the World	News of the World	news-of-the-world	Un ex soldado confederado transporta a una niña de regreso con su familia en Texas.	2020	118	PG-13	English	USA	https://image.tmdb.org/t/p/w600_and_h900_bestv2/fYQCgVRsQTEfUrP7cW5iAFVYOlh.jpg	https://image.tmdb.org/t/p/original/57dG6BzU2RcPtLgoA3oyHUIb2rI.jpg	zTZDb_iKooI	6.9	6.9000	6.9000	50000	f	f	t	\N	2026-05-17 22:13:52.732219-05	2026-05-17 22:54:01.310909-05
3935	\N	The Prestige	The Prestige	the-prestige	Dos magos rivales se obsesionan mutuamente con consecuencias devastadoras.	2006	130	PG-13	English	USA	https://m.media-amazon.com/images/M/MV5BMjA4NDI0MTIxNF5BMl5BanBnXkFtZTYwNTM0MzY2._V1_SX300.jpg	https://image.tmdb.org/t/p/original/xxZ1GSYZ7AEzx3lDEBWn3SXIkGv.jpg	ObGVA1WOqyE	8.5	8.5000	8.5000	50000	f	f	t	\N	2026-05-17 22:13:52.709189-05	2026-05-17 22:53:42.625012-05
3949	\N	Top Gun: Maverick	Top Gun: Maverick	top-gun-maverick	Maverick entrena a la próxima generación de pilotos para una misión imposible.	2022	130	PG-13	Español	USA	https://image.tmdb.org/t/p/w600_and_h900_bestv2/odJ4hx6g6vBt4lBWKFD1tI8WS4x.jpg	https://image.tmdb.org/t/p/original/AaV1YIdWKnjAIAOe8UUKBFm327v.jpg	giXco2jaZ_4	8.3	8.3000	5.0000	1	f	f	t	4	2026-05-17 22:18:27.609791-05	2026-05-19 08:47:17.445556-05
3953	\N	Up	Up	up	Un anciano viudo ata miles de globos a su casa y vuela a Sudamérica con un joven explorador.	2009	96	PG-13	English	USA	https://image.tmdb.org/t/p/w600_and_h900_bestv2/xwvJ3WzdJ1OCuDoY8LAxBUlQyig.jpg	https://image.tmdb.org/t/p/original/jRsjWwZzI39bTm44FNhRtiICd9k.jpg	GVS9dbARX7k	8.2	8.2000	8.2000	50000	f	f	t	\N	2026-05-17 22:18:27.61806-05	2026-05-17 22:54:09.379775-05
3954	\N	The Hangover	The Hangover	the-hangover	Tres amigos despiertan en Las Vegas sin recordar nada y buscan al novio desaparecido.	2009	100	PG-13	English	USA	https://m.media-amazon.com/images/M/MV5BNGQwZjg5YmYtY2VkNC00NzliLTljYTctNzI5NmU3MjE2ODQzXkEyXkFqcGdeQXVyNzkwMjQ5NzM@._V1_SX300.jpg	https://image.tmdb.org/t/p/original/uluhlXubGu1VxU63boQequals.jpg	wnNgGp1KVWQ	7.7	7.7000	4.0000	1	f	f	t	\N	2026-05-17 22:18:27.620003-05	2026-05-17 22:54:10.724169-05
3955	\N	Game Night	Game Night	game-night	Una noche de juegos se convierte en un misterio real cuando el hermano de un participante es secuestrado.	2018	100	PG-13	English	USA	https://image.tmdb.org/t/p/w600_and_h900_bestv2/85R8LMyn9f2Lev2YPBF8Nughrkv.jpg	https://image.tmdb.org/t/p/original/aKPCZwkSZy2ASLo0QKeYmcoplfA.jpg	qmxMAdV6s4U	7.0	7.0000	7.0000	50000	f	f	t	\N	2026-05-17 22:18:27.622034-05	2026-05-17 22:54:12.349527-05
3957	\N	Sicario	Sicario	sicario	Una agente del FBI es reclutada por el gobierno para combatir el tráfico de drogas en la frontera.	2015	121	PG-13	English	USA	https://image.tmdb.org/t/p/w600_and_h900_bestv2/lz8vNyXeidqqOdJW9ZjnDAMb5Vr.jpg	https://image.tmdb.org/t/p/original/fKPgObonYgPgCdu88yjV7Hpn7Dp.jpg	Yfhu5JIxnZc	7.6	7.6000	7.6000	50000	f	f	t	\N	2026-05-17 22:18:27.626078-05	2026-05-17 22:54:15.752298-05
3959	\N	Nomadland	Nomadland	nomadland	Una mujer en sus 60s que perdió todo viaja por el oeste americano en su furgoneta.	2020	108	PG-13	English	USA	https://image.tmdb.org/t/p/w600_and_h900_bestv2/dKT8rGDR55cM1vGn7QZLA9Tg9YC.jpg	https://image.tmdb.org/t/p/original/563sRDK3rZS31TXCdTY4lfcwrNK.jpg	ggGbsPmqaUw	7.3	7.3000	7.3000	50000	f	f	t	\N	2026-05-17 22:18:27.630449-05	2026-05-17 22:54:18.320465-05
3960	\N	The Shape of Water	The Shape of Water	the-shape-of-water	Una empleada muda de limpieza se enamora de una criatura anfíbia encerrada en un laboratorio.	2017	123	PG-13	English	USA	https://image.tmdb.org/t/p/w600_and_h900_bestv2/9zfwPffUXpBrEP26yp0q1ckXDcj.jpg	https://image.tmdb.org/t/p/original/abirSHwWgKajV3hXhaIR5lcCIXe.jpg	xSJPE_E8eX8	7.3	7.3000	7.3000	50000	f	f	t	\N	2026-05-17 22:18:27.632843-05	2026-05-17 22:54:19.59982-05
3961	\N	Doctor Strange	Doctor Strange	doctor-strange	Un brillante neurocirujano descubre el mundo de las artes místicas tras un accidente.	2016	115	PG-13	English	USA	https://m.media-amazon.com/images/M/MV5BNjgwNzAzNjk1Nl5BMl5BanBnXkFtZTgwMzQ2NjI1OTE@._V1_SX300.jpg	https://image.tmdb.org/t/p/original/2lCh4CD7lBzSGNvWuOV8Ygm6DLI.jpg	ingOz2WNFjw	7.5	7.5000	7.5000	50000	f	f	t	\N	2026-05-17 22:18:27.635316-05	2026-05-17 22:54:20.87124-05
3962	\N	Midsommar	Midsommar	midsommar	Una pareja viaja a Suecia y se ve atrapada en un oscuro festival de verano pagano.	2019	148	PG-13	English	USA	https://m.media-amazon.com/images/M/MV5BMzQxNzQzOTQwM15BMl5BanBnXkFtZTgwMDQ2NTcwODM@._V1_SX300.jpg	https://image.tmdb.org/t/p/original/rFl5kFZJM1l4NdVsKS7QWCGdLQQ.jpg	1Vnghdsjmd0	7.1	7.1000	5.0000	1	f	f	t	\N	2026-05-17 22:18:27.637538-05	2026-05-17 22:54:22.608532-05
3948	\N	Mad Max: Fury Road	Mad Max: Fury Road	mad-max-fury-road	En un mundo post-apocalíptico, Max se une a Furiosa en una frenética huida en camión.	2015	120	PG-13	English	USA	https://m.media-amazon.com/images/M/MV5BN2EwM2I5OWMtMGQyMi00Zjg1LWJkNTctZTdjYTA4OGUwZjMyXkEyXkFqcGdeQXVyMTMxODk2OTU@._V1_SX300.jpg	https://image.tmdb.org/t/p/original/phszHPFMBh0EcHzoahBQOwzX02I.jpg	MonFNCgK4WE	8.1	8.1000	5.0000	1	f	f	t	\N	2026-05-17 22:18:27.60507-05	2026-05-17 22:54:03.016022-05
3963	\N	The Conjuring	The Conjuring	the-conjuring	Dos investigadores paranormales ayudan a una familia aterrorizada por una presencia oscura.	2013	112	PG-13	English	USA	https://m.media-amazon.com/images/M/MV5BMTM3NjA1NDMyMV5BMl5BanBnXkFtZTcwMDQzNDMzOQ@@._V1_SX300.jpg	https://image.tmdb.org/t/p/original/wVYREutTvI2tmxr6ujrHT704wGF.jpg	k10ETZ41q5o	7.5	7.5000	5.0000	1	f	f	t	\N	2026-05-17 22:18:27.639993-05	2026-05-17 22:54:24.374633-05
4069	\N	El Conjuro 4: Últimos ritos	The Conjuring: Last Rites	el-conjuro-4-ultimos-ritos	En 1986, los investigadores paranormales, Ed y Lorraine Warren, salen de su retiro para investigar, junto con su hija adulta Judy y su compañero Tony, el caso Smurl, una entidad demoníaca más oscura.	2025	120	PG-13	es	\N	https://image.tmdb.org/t/p/w600_and_h900_bestv2/dyW5mX4wwDoZWgTYObx6pg9V0i9.jpg	https://image.tmdb.org/t/p/original/i8MupUe4xgmYXoRNAQMYvuoexSU.jpg	9n7b0ORr-U4	\N	6.8910	5.0000	1	f	f	t	\N	2026-05-17 22:58:42.458885-05	2026-05-17 22:58:42.458906-05
3951	\N	Life of Pi	Life of Pi	life-of-pi	Un joven sobrevive un naufragio y queda a la deriva en un bote con un tigre de Bengala.	2012	127	PG-13	English	USA	https://image.tmdb.org/t/p/w600_and_h900_bestv2/iLgRu4hhSr6V1uManX6ukDriiSc.jpg	https://image.tmdb.org/t/p/original/8oeXbjMtaYYGgjJl9RJNe7umkuS.jpg	j9Hjrs6WQ8M	7.9	7.9000	7.9000	50000	f	f	t	\N	2026-05-17 22:18:27.614238-05	2026-05-17 22:54:06.364918-05
3952	\N	WALL-E	WALL-E	wall-e	Un pequeño robot de basura en la Tierra abandonada se enamora de una robot exploradora.	2008	98	PG-13	English	USA	https://image.tmdb.org/t/p/w600_and_h900_bestv2/1OsdhvbLNLUJEi9vqQCyhAXsaRX.jpg	https://image.tmdb.org/t/p/original/fUil9M4RVOGkF9gx9BukFvqkP9m.jpg	NwGEF8B6Bcw	8.4	8.4000	8.4000	50000	f	f	t	\N	2026-05-17 22:18:27.616254-05	2026-05-17 22:54:08.048461-05
3956	\N	No Country for Old Men	No Country for Old Men	no-country-for-old-men	Un cazador encuentra dinero de una droga y es perseguido por un asesino implacable.	2007	122	PG-13	English	USA	https://m.media-amazon.com/images/M/MV5BMjA5Njk3MjM4OV5BMl5BanBnXkFtZTcwMTc5MTE1MQ@@._V1_SX300.jpg	https://image.tmdb.org/t/p/original/wqClnl8tPE0Y0YLbpKKpXlzkEZb.jpg	A0oNrgumrlE	8.2	8.2000	8.2000	50000	f	f	t	\N	2026-05-17 22:18:27.623876-05	2026-05-17 22:54:14.099038-05
3958	\N	Marriage Story	Marriage Story	marriage-story	El doloroso proceso de divorcio de un director de teatro y su actriz esposa.	2019	137	PG-13	English	USA	https://image.tmdb.org/t/p/w600_and_h900_bestv2/2JRyCKaRKyJAVpsIHeLvPw5nHmw.jpg	https://image.tmdb.org/t/p/original/wDwQXLDUuiEaaiuWIDBpbqnwYGX.jpg	pFg0Rk3L9SY	7.9	7.9000	7.9000	50000	f	f	t	\N	2026-05-17 22:18:27.628331-05	2026-05-17 22:54:17.05718-05
3964	\N	About Time	About Time	about-time	Un joven descubre que puede viajar en el tiempo y usa ese poder para encontrar el amor.	2013	123	PG-13	English	USA	https://image.tmdb.org/t/p/w600_and_h900_bestv2/ls6zswrOZVhCXQBh96DlbnLBajM.jpg	https://image.tmdb.org/t/p/original/einbto9qLXFx9QXxEHylaxDbKPx.jpg	7OIFdWk83no	7.8	7.8000	7.8000	50000	f	f	t	\N	2026-05-17 22:18:27.642341-05	2026-05-17 22:54:26.015983-05
3965	\N	Crazy Rich Asians	Crazy Rich Asians	crazy-rich-asians	Una profesora americana de origen chino descubre que su novio es uno de los más ricos de Asia.	2018	120	PG-13	English	USA	https://image.tmdb.org/t/p/w600_and_h900_bestv2/1XxL4LJ5WHdrcYcihEZUCgNCpAW.jpg	https://image.tmdb.org/t/p/original/7tTCnQcKzUkabDV3BJMe7LIzlEs.jpg	F3FohMHATvs	6.9	6.9000	6.9000	50000	f	f	t	\N	2026-05-17 22:18:27.644554-05	2026-05-17 22:54:27.412903-05
3966	\N	Arrival	Arrival	arrival	Una lingüista es reclutada por el ejército para comunicarse con extraterrestres que llegaron a la Tierra.	2016	116	PG-13	English	USA	https://m.media-amazon.com/images/M/MV5BMTExMzU0ODcxNDheQTJeQWpwZ15BbWU4MDE1OTI4MzAy._V1_SX300.jpg	https://image.tmdb.org/t/p/original/96eosvxTJZRKZ5bLuqF0bKO7yTL.jpg	mnr-AcHOgtM	7.9	7.9000	7.9000	50000	f	f	t	\N	2026-05-17 22:18:27.646794-05	2026-05-17 22:54:28.692385-05
3967	\N	Annihilation	Annihilation	annihilation	Una bióloga entra en la Zona X, un territorio misterioso donde las reglas de la naturaleza no aplican.	2018	115	PG-13	English	USA	https://image.tmdb.org/t/p/w600_and_h900_bestv2/4YRplSk6BhH6PRuE9gfyw9byUJ6.jpg	https://image.tmdb.org/t/p/original/9trZvBr44UGedUOiGo3jgSUw13e.jpg	VGRaBxmdLbQ	6.8	6.8000	6.8000	50000	f	f	t	\N	2026-05-17 22:18:27.649089-05	2026-05-17 22:54:30.02983-05
3968	\N	Nightcrawler	Nightcrawler	nightcrawler	Un ambicioso y sin escrúpulos fotógrafo de crímenes nocturnos escala en la televisión de Los Ángeles.	2014	117	PG-13	English	USA	https://image.tmdb.org/t/p/w600_and_h900_bestv2/j9HrX8f7GbZQm1BrBiR40uFQZSb.jpg	https://image.tmdb.org/t/p/original/bdI6U1mT0kCdTJ6TWtiFxQ42GSn.jpg	7uaYhPpV7G4	7.9	7.9000	7.9000	50000	f	f	t	\N	2026-05-17 22:18:27.651245-05	2026-05-17 22:54:31.738476-05
3969	\N	Black Swan	Black Swan	black-swan	Una bailarina de ballet obsesionada con la perfección pierde la razón durante su papel protagonista.	2010	108	PG-13	English	USA	https://m.media-amazon.com/images/M/MV5BNzY2NzI4OTE5MF5BMl5BanBnXkFtZTcwMjMyNDY4Mw@@._V1_SX300.jpg	https://image.tmdb.org/t/p/original/tOAcPVZqEFMVPGdY7q8TXWDfhMn.jpg	2Pxc_5f27Kg	8.0	8.0000	8.0000	50000	f	f	t	\N	2026-05-17 22:18:27.653382-05	2026-05-17 22:54:33.713792-05
4252	\N	El pasajero nocturno	\N	el-despertar-del-diablo	Después de presenciar un brutal accidente nocturno en la carretera, una joven pareja comprende que algo los ha seguido. Una presencia demoníaca, conocida como El Pasajero Nocturno, se ha unido a ellos y no se detendrá hasta reclamarlos a ambos, convirtiendo su viaje en una auténtica pesadilla.	2026	94	\N	\N	\N	https://media.themoviedb.org/t/p/w600_and_h900_face/iX8D97TG8gVvHZ8S4clcdpCX7Uv.jpg		https://youtu.be/TYft7-Iv66M	\N	0.0000	4.5000	0	f	f	t	1	2026-05-21 15:56:01.169652-05	2026-05-22 14:22:35.406926-05
3914	\N	Moana	Moana	moana	Una joven aventurera zarpa en un audaz viaje para salvar a su pueblo.	2016	107	PG-13	English	USA	https://image.tmdb.org/t/p/w600_and_h900_bestv2/aLVkiINlIeCkcZIzb7XHzPYgO6L.jpg	https://image.tmdb.org/t/p/original/zo8CIjJ2nfNOevqNajwMRO6Hwka.jpg	vp0sjmy_ad4	8.0	8.0000	8.0000	50000	f	f	t	\N	2026-05-17 22:13:52.666035-05	2026-05-17 22:54:35.362924-05
3950	\N	The Revenant	The Revenant	the-revenant	Un cazador deja por muerto por su compañero recorre cientos de kilómetros por venganza.	2015	156	PG-13	English	USA	https://image.tmdb.org/t/p/w600_and_h900_bestv2/ji3ecJphATlVgWNY0B0RVXZizdf.jpg	https://image.tmdb.org/t/p/original/mNQtUJv1F3u0uSKILFrGjIHqkxx.jpg	EhffABvfAW0	8.0	8.0000	8.0000	50000	f	f	t	\N	2026-05-17 22:18:27.612118-05	2026-05-17 22:54:37.270643-05
3886	\N	Interstellar	Interstellar	interstellar	Un equipo de exploradores viaja a través de un agujero de gusano en el espacio en un intento por asegurar la supervivencia de la humanidad.	2014	169	PG-13	English	USA	https://image.tmdb.org/t/p/w600_and_h900_bestv2/yQvGrMoipbRoddT0ZR8tPoR7NfX.jpg	https://image.tmdb.org/t/p/original/2ssWTSVklAEc98frZUQhgtGHx7s.jpg	la8DwjkLHoE	8.7	8.7000	8.7000	50000	f	f	t	\N	2026-05-16 23:14:39.08321-05	2026-05-17 22:54:40.761086-05
3970	\N	The Punisher: La última muerte	The Punisher: One Last Kill	the-punisher-la-ultima-muerte	Mientras Frank Castle busca propósito más allá de la venganza, una fuerza inesperada lo arrastra de nuevo a la lucha.	2026	120	PG-13	es	\N	https://image.tmdb.org/t/p/w600_and_h900_bestv2/qkyqQqQN8HAkLezR6xWTYzz6Icv.jpg	https://image.tmdb.org/t/p/original/cccXiN28CPjcMVhji5LnogF4Njp.jpg	oSeqs_xeqv4	\N	8.5650	8.6000	804	f	f	t	\N	2026-05-17 22:56:58.263548-05	2026-05-17 22:56:58.263567-05
3971	\N	Ápex	Apex	apex	Una mujer en duelo que busca poner a prueba sus límites en la naturaleza australiana queda atrapada en un retorcido juego mortal con un asesino que la considera su presa.	2026	120	PG-13	es	\N	https://image.tmdb.org/t/p/w600_and_h900_bestv2/e4P0lkcHgsBJgWSvLV3ezGZYDUU.jpg	https://image.tmdb.org/t/p/original/p8777bPIlyFYcjqP2hU8htoz1RG.jpg	kgv8jf_8dm0	\N	6.6360	6.6000	1056	f	f	t	\N	2026-05-17 22:56:59.514592-05	2026-05-17 22:56:59.514616-05
3972	\N	Sangre asesina	เลือดรัก นักฆ่า	sangre-asesina	Una mujer perseguida por su inusual tipo de sangre encuentra protección y amor en los brazos de un asesino letal. Juntos, luchan por sobrevivir.	2026	120	PG-13	es	\N	https://image.tmdb.org/t/p/w600_and_h900_bestv2/16TvbhCP8CfiGEbxcbtQLYWO6WG.jpg	https://image.tmdb.org/t/p/original/xA6AM5MvEkieZKlv1Tn3sN23I7i.jpg	y1Qq_kPL5UU	\N	8.6020	8.6000	162	f	f	t	\N	2026-05-17 22:57:00.632094-05	2026-05-17 22:57:00.632115-05
3973	\N	Mortal Kombat II	Mortal Kombat II	mortal-kombat-ii	Los campeones favoritos de los fans —ahora acompañados por el mismísimo Johnny Cage— se enfrentan entre sí en la batalla definitiva, sangrienta y sin reglas, para derrotar el oscuro dominio de Shao Kahn, que amenaza con destruir el Reino de la Tierra y a sus defensores.	2026	120	PG-13	es	\N	https://image.tmdb.org/t/p/w600_and_h900_bestv2/niXSl8jLAZu9fL1ywfNyLGCRXLh.jpg	https://image.tmdb.org/t/p/original/4EAAwpylq313qrDqpCxulUrXBNF.jpg	_5RFjYeWSls	\N	6.9820	7.0000	193	f	f	t	\N	2026-05-17 22:57:01.375662-05	2026-05-17 22:57:01.375684-05
3974	\N	Beast	Beast	beast	Con la ayuda de su antiguo entrenador, un campeón de MMA retirado e invicto regresa a la jaula para vengar la muerte de su hermano y resolver sus problemas financieros.	2026	120	PG-13	es	\N	https://image.tmdb.org/t/p/w600_and_h900_bestv2/3S32pzyZMoOJ3ADrnT2GbV4tiX4.jpg	https://image.tmdb.org/t/p/original/hlZGaey4lR9hc4rGxZRAmIEsZOc.jpg	yJN2mJ4uOas	\N	6.6000	6.6000	28	f	f	t	\N	2026-05-17 22:57:02.583472-05	2026-05-17 22:57:02.583489-05
3975	\N	Mortal Game	Mortal Game	mortal-game		2025	120	PG-13	es	\N	https://image.tmdb.org/t/p/w600_and_h900_bestv2/iCvucorbs3hFqWshDbLe0fHzB71.jpg	https://image.tmdb.org/t/p/original/hdLsZ3dCjKt5A6xDpoo3UFgcTSm.jpg	CgyPcJdNE7A	\N	5.6000	5.6000	5	f	f	t	\N	2026-05-17 22:57:03.844956-05	2026-05-17 22:57:03.844977-05
3976	\N	Demon Slayer: Kimetsu no Yaiba Castillo infinito	劇場版「鬼滅の刃」無限城編 第一章 猗窩座再来	demon-slayer-kimetsu-no-yaiba-castillo-infinito	Tanjirō Kamado es un chico que se unió a una organización dedicada a cazar demonios después de que su hermana menor, Nezuko, fuera convertida. Mientras los miembros de la organización y los Pilares participaban en un programa de entrenamiento grupal, como preparación para la inminente batalla contra los demonios, Muzan Kibutsuji aparece en la Mansión Ubuyashiki. Con el jefe de la organización en peligro, Tanjirō y los Pilares corren hacia la mansión, pero son arrastrados a un espacio misterioso por obra de Kibutsuji. El lugar al que han caído Tanjirō y los cazadores es el bastión de los demonios: el Castillo Infinito. Así, el campo de batalla queda establecido para dar fin a la guerra entre humanos y demonios.	2025	120	PG-13	es	\N	https://image.tmdb.org/t/p/w600_and_h900_bestv2/6N21gcFbhT4ocdTU4MGREAaM5Vz.jpg	https://image.tmdb.org/t/p/original/1RgPyOhN4DRs225BGTlHJqCudII.jpg	sqgSm8fWe1s	\N	7.7080	7.7000	828	f	f	t	\N	2026-05-17 22:57:04.58434-05	2026-05-17 22:57:04.584359-05
3977	\N	Venganza	Venganza	venganza	Carlos y Miguel son dos soldados de élite de las fuerzas especiales mexicanas y mejores amigos cuyas vidas cambian para siempre cuando Carlos es testigo del brutal asesinato de su esposa por manos de un despiadado asesino. Determinado a buscar justicia, emprende un peligroso viaje de venganza, alimentado por el dolor y armado con una lotería que cambia su vida.	2026	120	PG-13	es	\N	https://image.tmdb.org/t/p/w600_and_h900_bestv2/8VypPpIvtHfYCeA4iwshnd35vbm.jpg	https://image.tmdb.org/t/p/original/xyW8rJO3rwG2EGcTO6eaUEa8b9d.jpg	1PCZ_9HSLNI	\N	7.3240	7.3000	193	f	f	t	\N	2026-05-17 22:57:05.340066-05	2026-05-17 22:57:05.340089-05
3978	\N	El Guardián: Último Refugio	Shelter	el-guardian-ultimo-refugio	Un recluso en una remota isla escocesa rescata a una niña del mar, desencadenando una peligrosa secuencia de acontecimientos.	2026	120	PG-13	es	\N	https://image.tmdb.org/t/p/w600_and_h900_bestv2/4oAt5z4IODM7yPFGevNJ1Qg7ij8.jpg	https://image.tmdb.org/t/p/original/nHxWyy18SvAZ8jJeemtS8k1UNjM.jpg	bCBSN8qSfIQ	\N	7.4270	7.4000	920	f	f	t	\N	2026-05-17 22:57:06.904339-05	2026-05-17 22:57:06.90436-05
3979	\N	Escuadrón letal	捕风追影	escuadron-letal	Unos astutos y traicioneros ladrones desafian a la Policía Judicial de Macao. La Policía, que se encontraba en una dura batalla, invita de nuevo al experto en rastreo Huang De Zhong, retirado desde hace muchos años, a unir fuerzas con la joven élite del Departamento de Investigación Criminal de la Policía Judicial. Bajo la colisión de las técnicas tradicionales de rastreo y la alta tecnología, la policía y los criminales luchan con ingenio y valentía, y se lanzan a un duelo entre el bien y el mal parecido al juego del gato y el ratón.	2025	120	PG-13	es	\N	https://image.tmdb.org/t/p/w600_and_h900_bestv2/mPx3vcdHNwACsPCtQ2Yvug3LZfB.jpg	https://image.tmdb.org/t/p/original/4BtL2vvEufDXDP4u6xQjjQ1Y2aT.jpg	xvmADAJOoCg	\N	7.3200	7.3000	646	f	f	t	\N	2026-05-17 22:57:08.185902-05	2026-05-17 22:57:08.185927-05
3980	\N	Proyecto Fin del Mundo	Project Hail Mary	proyecto-fin-del-mundo	El profesor de ciencias Ryland Grace despierta en una nave espacial a años luz de su hogar sin recordar quién es ni cómo llegó allí. A medida que recupera la memoria, comienza a descubrir su misión: resolver el enigma de la misteriosa sustancia que está causando la extinción del sol.	2026	120	PG-13	es	\N	https://image.tmdb.org/t/p/w600_and_h900_bestv2/cWpvRQcppLnXD0Kno4OZUzkA05R.jpg	https://image.tmdb.org/t/p/original/2I1OFQJ0L9T0dpU6FobKFWV2PxX.jpg	S7w4cDtHyFQ	\N	8.5630	8.6000	3415	f	f	t	\N	2026-05-17 22:57:09.458671-05	2026-05-17 22:57:09.458696-05
3981	\N	Intercambiados	Swapped	intercambiados	Una pequeña criatura del bosque y un ave majestuosa intercambian cuerpos. Ahora, deben aliarse para sobrevivir a la aventura más salvaje de sus vidas.	2026	120	PG-13	es	\N	https://image.tmdb.org/t/p/w600_and_h900_bestv2/cFMqLI43ybVFyarJTnfV9YO9KUC.jpg	https://image.tmdb.org/t/p/original/zMwhWailP1WY7sb6AoE6b8ugoy.jpg	glgmAwRDP8s	\N	8.9940	9.0000	1091	f	f	t	\N	2026-05-17 22:57:10.5525-05	2026-05-17 22:57:10.552524-05
3982	\N	Super Mario Galaxy: La película	The Super Mario Galaxy Movie	super-mario-galaxy-la-pelicula	Mario y Luigi se enfrentan una nueva amenaza: Bowser Jr., quién está decidido liberar a su padre del cautiverio y restaurar el legado familiar. Junto con nuevos y viejos compañeros, los hermanos viajan a través de las estrellas para detener la cruzada del joven heredero.	2026	120	PG-13	es	\N	https://image.tmdb.org/t/p/w600_and_h900_bestv2/9BafQnaU3U0PL7pkDBaTmCA9EHE.jpg	https://image.tmdb.org/t/p/original/9Z2uDYXqJrlmePznQQJhL6d92Rq.jpg	ipzEY7c7it8	\N	6.6960	6.7000	871	f	f	t	\N	2026-05-17 22:57:11.256629-05	2026-05-17 22:57:11.256651-05
3983	\N	Avatar: Fuego y ceniza	Avatar: Fire and Ash	avatar-fuego-y-ceniza	Devastados por la guerra contra la RDA y la perdida de su hijo mayor, Jake Sully y Neytiri se enfrentan a una nueva amenaza en Pandora: el pueblo de la ceniza, una violenta tribu Na'vi ávida de poder liderada por los despiadados Varang.	2025	120	PG-13	es	\N	https://image.tmdb.org/t/p/w600_and_h900_bestv2/vHtH4xdcTbaCVftGwaeGFHfOB3p.jpg	https://image.tmdb.org/t/p/original/iN41Ccw4DctL8npfmYg1j5Tr1eb.jpg	_VdVwVw0ou0	\N	7.4680	7.5000	3052	f	f	t	\N	2026-05-17 22:57:11.980772-05	2026-05-17 22:57:11.980796-05
3989	\N	Interestelar	Interestelar	interestelar	Las aventuras de un grupo de exploradores que utilizan un agujero de gusano recién descubierto para superar las limitaciones de los viajes espaciales humanos y conquistar las vastas distancias que implica un viaje interestelar.	2014	169	PG-13	Español	USA	https://media.themoviedb.org/t/p/w600_and_h900_face/yQvGrMoipbRoddT0ZR8tPoR7NfX.jpg		zSWdZVtXT7E	8.7	8.7000	8.7000	50000	f	f	t	3	2026-05-17 22:57:17.598998-05	2026-05-19 09:34:40.692281-05
3985	\N	Zootopia 2	Zootopia 2	zootopia-2	Tras resolver el caso más importante de la historia de Zootopia, los policías novatos Judy Hopps y Nick Wilde se encuentran en la sinuosa pista de un gran misterio cuando Gary De'Snake llega y revoluciona la metrópolis animal.	2025	120	PG-13	es	\N	https://image.tmdb.org/t/p/w600_and_h900_bestv2/LrMBxFwnsMgXTnaWqHYinn3vDN.jpg	https://image.tmdb.org/t/p/original/lgotja3xMoJZbynwHfcQcJAEMWH.jpg	4_KaABhCPPk	\N	7.6350	7.6000	2762	f	f	t	\N	2026-05-17 22:57:14.166944-05	2026-05-17 22:57:14.166972-05
3986	\N	Wormtown	Wormtown	wormtown	Cuando unos parásitos que alteran la mente se apoderan de un pequeño pueblo, tres mujeres confinadas se ven arrastradas a una lucha por la supervivencia y la venganza.	2025	120	PG-13	es	\N	https://image.tmdb.org/t/p/w600_and_h900_bestv2/lE10ww38b7XA5LIagIsVQj9a8Hn.jpg	https://image.tmdb.org/t/p/original/wfGDy0KVZsiQpGgYoxObUGgccwk.jpg	-a-KHbdQUF4	\N	5.8000	5.8000	13	f	f	t	\N	2026-05-17 22:57:15.503886-05	2026-05-17 22:57:15.503904-05
3987	\N	Depredador: Tierras salvajes	Predator: Badlands	depredador-tierras-salvajes	En el futuro, en un planeta remoto, un joven Depredador, marginado de su clan, encuentra un aliado inesperado en Thia y se embarca en un peligroso viaje en busca del adversario definitivo.	2025	120	PG-13	es	\N	https://image.tmdb.org/t/p/w600_and_h900_bestv2/r7TEWHLr1lsIsTkiEFwtM3hAWma.jpg	https://image.tmdb.org/t/p/original/gaKFXcB5J1gz0QqYj8bWIfrPc04.jpg	nHAcTr7Y-m4	\N	7.7170	7.7000	2847	f	f	t	\N	2026-05-17 22:57:16.231508-05	2026-05-17 22:57:16.231527-05
3988	\N	El día del fin del mundo: Migración	Greenland 2: Migration	el-dia-del-fin-del-mundo-migracion	La familia Garrity debe abandonar la seguridad del búnker de Groenlandia y embarcarse en un peligroso viaje a través del diezmado páramo helado de Europa para encontrar un nuevo hogar.	2026	120	PG-13	es	\N	https://image.tmdb.org/t/p/w600_and_h900_bestv2/uoFJ6nGGvf8moZGpharm8Qyrpzm.jpg	https://image.tmdb.org/t/p/original/wns4x1GyxCudgOZRyhXKjXVJf3T.jpg	jZ_W-Ln24dk	\N	6.4080	6.4000	1052	f	f	t	\N	2026-05-17 22:57:16.932296-05	2026-05-17 22:57:16.932318-05
3990	\N	xXx - Triple X	xXx	xxx-triple-x	Xander Cage es tu adicto a la adrenalina estándar sin miedo y con una actitud pésima. Cuando el gobierno de los Estados Unidos lo "recluta" para ir a una misión, no está precisamente emocionado. Su misión: recopilar información sobre una organización que puede estar planeando la destrucción del mundo, dirigida por el nihilista Yorgi.	2002	120	PG-13	es	\N	https://image.tmdb.org/t/p/w600_and_h900_bestv2/2S3CTv5CyDb99mquNuptBvCVAHd.jpg	https://image.tmdb.org/t/p/original/2OHa6ukEq3Hce7Pc2kvu8wkmMFY.jpg	NgPdDDzVhkA	\N	5.9870	6.0000	4892	f	f	t	\N	2026-05-17 22:57:18.724305-05	2026-05-17 22:57:18.724316-05
3991	\N	GOAT: La cabra que cambió el juego	GOAT	goat-la-cabra-que-cambio-el-juego	Will, un pequeño cabrito con grandes sueños, tiene la oportunidad única de unirse a los profesionales y jugar al roarball, un deporte de contacto intenso y mixto, dominado por los animales más rápidos y feroces del mundo. A sus nuevos compañeros no les entusiasma tener un pequeño cabrito en su equipo, pero Will está decidido a revolucionar el deporte y demostrar de una vez por todas que los pequeños también pueden jugar al béisbol.	2026	120	PG-13	es	\N	https://image.tmdb.org/t/p/w600_and_h900_bestv2/3dH7p6eAfzDElYYFKfYWpf9xlsG.jpg	https://image.tmdb.org/t/p/original/tq3h43fZy0H80vzf47MAY7R9Mxo.jpg	2I6sfNgZ0dU	\N	8.0770	8.1000	605	f	f	t	\N	2026-05-17 22:57:19.84005-05	2026-05-17 22:57:19.840069-05
3992	\N	Super Mario Bros. La película	The Super Mario Bros. Movie	super-mario-bros-la-pelicula	Mientras trabaja bajo tierra para arreglar una tubería de agua, los plomeros de Brooklyn Mario y su hermano Luigi son transportados por una misteriosa tubería y llegan a un nuevo mundo mágico.	2023	120	PG-13	es	\N	https://image.tmdb.org/t/p/w600_and_h900_bestv2/zNKs1T0VZuJiVuhuL5GSCNkGdxf.jpg	https://image.tmdb.org/t/p/original/9n2tJBplPbgR2ca05hS5CKXwP2c.jpg	I8aZahPFQnA	\N	7.5950	7.6000	10666	f	f	t	\N	2026-05-17 22:57:21.271955-05	2026-05-17 22:57:21.271981-05
3993	\N	Las guerreras k-pop	KPop Demon Hunters	las-guerreras-k-pop	Cuando no están llenando estadios, las superestrellas del k‑pop Rumi, Mira y Zoey usan sus superpoderes secretos para proteger a sus fans de amenazas sobrenaturales.	2025	120	PG-13	es	\N	https://image.tmdb.org/t/p/w600_and_h900_bestv2/6EQMqEmdG5HoGe2zT1WwWUMvVhv.jpg	https://image.tmdb.org/t/p/original/w3Bi0wygeFQctn6AqFTwhGNXRwL.jpg	61EyTn4ZxYk	\N	8.0270	8.0000	2758	f	f	t	\N	2026-05-17 22:57:21.96972-05	2026-05-17 22:57:21.969743-05
3994	\N	Shrek	Shrek	shrek	Un malvado lord exilia a las criaturas de cuentos de hadas al pantano de un ogro gruñón, que debe ir en busca y rescatar a una princesa para el lord con el fin de recuperar su tierra.	2001	120	PG-13	es	\N	https://image.tmdb.org/t/p/w600_and_h900_bestv2/5G1RjHMSt7nYONqCqSwFlP87Ckk.jpg	https://image.tmdb.org/t/p/original/40Wtp7kMG6mZ4d5T1jfrd8qrvD4.jpg	ppDwfm6e498	\N	7.7610	7.8000	18714	f	f	t	\N	2026-05-17 22:57:23.055872-05	2026-05-17 22:57:23.0559-05
3995	\N	El viaje de Chihiro	千と千尋の神隠し	el-viaje-de-chihiro	Durante la mudanza de su familia a los suburbios, una huraña niña de 10 años de edad deambula por un mundo gobernado por dioses, brujas y espíritus, y donde los humanos se convierten en bestias.	2001	120	PG-13	es	\N	https://image.tmdb.org/t/p/w600_and_h900_bestv2/2RcxjDykOssx4SfqshewyI9vfSl.jpg	https://image.tmdb.org/t/p/original/dyJvKsNs2KP8qQnAXbRwDjblViy.jpg	GAp2_0JJskk	\N	8.5000	8.5000	18287	f	f	t	\N	2026-05-17 22:57:24.097427-05	2026-05-17 22:57:24.097446-05
3996	\N	IntensaMente 2	Inside Out 2	intensamente-2	Riley, ahora adolescente, enfrenta una reforma en la Central de sus emociones. Alegría, Tristeza, Ira, Miedo y Asco deben adaptarse a la llegada de nuevas emociones: Ansiedad, Vergüenza, Envidia y Ennui.	2024	120	PG-13	es	\N	https://image.tmdb.org/t/p/w600_and_h900_bestv2/4HEJdpcmTGm3BWWic31G4aCnuC6.jpg	https://image.tmdb.org/t/p/original/p5ozvmdgsmbWe0H8Xk7Rc8SCwAB.jpg	9bol4Yyx9Gs	\N	7.5460	7.5000	6661	f	f	t	\N	2026-05-17 22:57:24.793058-05	2026-05-17 22:57:24.793082-05
3997	\N	Coraline y la puerta secreta	Coraline	coraline-y-la-puerta-secreta	Una aventurera niña de 11 años encuentra otro mundo que es una versión extrañamente idealizada de su frustrante hogar, pero que tiene siniestros secretos.	2009	120	PG-13	es	\N	https://image.tmdb.org/t/p/w600_and_h900_bestv2/1fX7HMPL9f2qJ9jXFgnBMeYHdfs.jpg	https://image.tmdb.org/t/p/original/hofnlIyF6bePkgQOpcuRWLvzf15.jpg	T6iQnnHNF50	\N	7.9030	7.9000	8933	f	f	t	\N	2026-05-17 22:57:25.906272-05	2026-05-17 22:57:25.906292-05
4255	\N	Paranormal Activity: Allegados	\N	el-circulo-de-sangre	La película sigue a una joven que intenta descubrir qué sucedió con su madre, que la dejó abandonada en la puerta de un hospital cuando nació, hasta que descubre una verdad aterradora sobre el pasado de su progenitora.	2021	98	\N	\N	\N	https://media.themoviedb.org/t/p/w600_and_h900_face/5idw994cLDgixK2zuacXrAlYBp3.jpg		https://youtu.be/L4YDJ60NwYM	\N	0.0000	4.4000	0	f	f	t	1	2026-05-21 15:57:57.496054-05	2026-05-22 14:14:11.329816-05
3998	\N	Chainsaw Man – La película: Arco de Reze	劇場版 チェンソーマン レゼ篇	chainsaw-man-la-pelicula-arco-de-reze	En una brutal guerra entre demonios, cazadores y enemigos secretos, una misteriosa chica llamada Reze ha entrado en el mundo de Denji, y él enfrenta su batalla más mortal hasta ahora, impulsado por el amor en un mundo donde la supervivencia no conoce reglas.	2025	120	PG-13	es	\N	https://image.tmdb.org/t/p/w600_and_h900_bestv2/fJdnp5OO2wh07tdy6noACNyaqMJ.jpg	https://image.tmdb.org/t/p/original/rI4waA7VlRAynrYUUpiPScsdPm8.jpg	4ab245e7JNU	\N	8.3530	8.4000	855	f	f	t	\N	2026-05-17 22:57:26.638159-05	2026-05-17 22:57:26.638186-05
3999	\N	JUJUTSU KAISEN: Ejecución	劇場版 呪術廻戦「渋谷事変 特別編集版」×「死滅回游 先行上映」	jujutsu-kaisen-ejecucion	Durante Halloween en Shibuya, un misterioso velo atrapa a la multitud dentro del distrito. Como consecuencia, diez colonias japonesas se convierten en zonas dominadas por maldiciones.	2025	120	PG-13	es	\N	https://image.tmdb.org/t/p/w600_and_h900_bestv2/c0gwM59dS7ZvX56SIP1FU5LHB9B.jpg	https://image.tmdb.org/t/p/original/gtKglOSEq3d4MgQE4VsrT1sRkd0.jpg	tcX0BLPayF4	\N	5.9750	6.0000	99	f	f	t	\N	2026-05-17 22:57:27.404453-05	2026-05-17 22:57:27.404474-05
4000	\N	Tu nombre	君の名は。	tu-nombre	Taki y Mitsuha descubren un día que durante el sueño sus cuerpos se intercambian, y comienzan a comunicarse por medio de notas. A medida que consiguen superar torpemente un reto tras otro, se va creando entre los dos un vínculo que poco a poco se convierte en algo más romántico.	2016	120	PG-13	es	\N	https://image.tmdb.org/t/p/w600_and_h900_bestv2/6qt4boe1IWfoffBF2P0QKOCSYUr.jpg	https://image.tmdb.org/t/p/original/8x9iKH8kWA0zdkgNdpAew7OstYe.jpg	o4-URMnBOPU	\N	8.4780	8.5000	12526	f	f	t	\N	2026-05-17 22:57:28.546694-05	2026-05-17 22:57:28.546715-05
4001	\N	Las ovejas detectives	The Sheep Detectives	las-ovejas-detectives	Cada noche, un pastor lee en voz alta un asesinato misterioso, fingiendo que sus ovejas pueden entenderlo. Cuando lo encuentran muerto, las ovejas se dan cuenta enseguida de que ha sido un asesinato y creen saber cómo resolverlo.	2026	120	PG-13	es	\N	https://image.tmdb.org/t/p/w600_and_h900_bestv2/kMJ4h39xe1fEzbLSt5FJCtEqb2H.jpg	https://image.tmdb.org/t/p/original/a8uQvrplTkhGJQog6GZ6CqF8An6.jpg	rsCS0SxRaE4	\N	7.6030	7.6000	63	f	f	t	\N	2026-05-17 22:57:29.790215-05	2026-05-17 22:57:29.790258-05
4002	\N	Socias por accidente	Socias por accidente	socias-por-accidente	Alexa y Regina se enamoran del mismo hombre, quien las engaña y les roba dinero. Al descubrir que ambas están embarazadas de él, deciden ser 'socias'.	2026	120	PG-13	es	\N	https://image.tmdb.org/t/p/w600_and_h900_bestv2/sr1Yoj6XLPTWYcbDoBy67xivW4I.jpg	https://image.tmdb.org/t/p/original/tdY46jlxbcvgMHKlJhSCebahhBh.jpg	tsjsPgnCM2U	\N	9.1790	9.2000	78	f	f	t	\N	2026-05-17 22:57:30.838641-05	2026-05-17 22:57:30.838662-05
4003	\N	El Árbol Mágico	The Magic Faraway Tree	el-arbol-magico	Polly, Tim, y sus tres hijos son una familia moderna que se ve obligada a mudarse a la remota campiña inglesa. Poco después de su llegada, los niños descubren un árbol mágico y a sus extraordinarios y excéntricos habitantes.	2026	120	PG-13	es	\N	https://image.tmdb.org/t/p/w600_and_h900_bestv2/udXvLxC5gAqN8SinemyFBEcHpTf.jpg	https://image.tmdb.org/t/p/original/3o7t1gF0wbXAtELCkIcYyPXoIxA.jpg	PAUEwUhAjzg	\N	6.2000	6.2000	25	f	f	t	\N	2026-05-17 22:57:32.736023-05	2026-05-17 22:57:32.736044-05
4004	\N	La novia del año	Bruid van die Jaar	la-novia-del-ano	Cuando el sueño de formar su propia familia se derrumba, Lienkie idea un astuto plan para ganar el premio a la novia del año y desquitarse de su ex.	2026	120	PG-13	es	\N	https://image.tmdb.org/t/p/w600_and_h900_bestv2/4Y8HSuYIgKUum2JPfbkul3jR6jh.jpg	https://image.tmdb.org/t/p/original/es6wAAA72qIKGecMggiRZNQK0fa.jpg	-Dxm9zC_k_E	\N	0.0000	0.0000	0	f	f	t	\N	2026-05-17 22:57:33.856805-05	2026-05-17 22:57:33.856828-05
4006	\N	Kung Fu Panda 4	Kung Fu Panda 4	kung-fu-panda-4	Po se está preparando para convertirse en el líder espiritual de su Valle de la Paz, pero también necesita a alguien que ocupe su lugar como Guerrero Dragón. Como tal, entrenará a un nuevo practicante de kung fu para el lugar y se encontrará con un villano llamado Camaleón que evoca villanos del pasado.	2024	120	PG-13	es	\N	https://image.tmdb.org/t/p/w600_and_h900_bestv2/7JspmokDnpm8SEg28wtstfGps0K.jpg	https://image.tmdb.org/t/p/original/3ffPx9jqg0yj9y1KWeagT7D20CB.jpg	5A8IH7Tlgvc	\N	7.0000	7.0000	3484	f	f	t	\N	2026-05-17 22:57:35.327634-05	2026-05-17 22:57:35.327655-05
4007	\N	Zootopia	Zootopia	zootopia	Decidida a demostrar su valía, la oficial Judy Hopps, la primera conejita de la fuerza policial de Zootopia, aprovecha la oportunidad de resolver su primer caso, incluso si eso significa asociarse con el zorro estafador Nick Wilde para resolver el misterio.	2016	120	PG-13	es	\N	https://image.tmdb.org/t/p/w600_and_h900_bestv2/kyiEmCk6mOenJiL7s3LspVKkoZM.jpg	https://image.tmdb.org/t/p/original/9tOkjBEiiGcaClgJFtwocStZvIT.jpg	jWM0ct-OLsM	\N	7.7600	7.8000	18038	f	f	t	\N	2026-05-17 22:57:36.480109-05	2026-05-17 22:57:36.480129-05
4008	\N	रॉकी और रानी की प्रेम कहानी	रॉकी और रानी की प्रेम कहानी			2023	120	PG-13	es	\N	https://image.tmdb.org/t/p/w600_and_h900_bestv2/vTQIqlxUkOuyf2UKhlM2OUaFGKz.jpg	https://image.tmdb.org/t/p/original/61RYedFgX1K07xgVIvdJzukSR4g.jpg	Ah_AMkoaLWA	\N	6.1000	6.1000	85	f	f	t	\N	2026-05-17 22:57:37.646635-05	2026-05-17 22:57:37.646657-05
4261	\N	Gravedad Cero	\N	gravedad-cero	En el futuro próximo, la humanidad explora con éxito el espacio: ahora una enorme estación Delta se encuentra en la órbita terrestre. Maksim Bortnikov es uno de los miembros del equipo de reparación de la estación. Una inesperada catástrofe causada por una tormenta de protones lo separa del resto, y se queda solo en el espacio exterior.	2025	81	\N	\N	\N	https://media.themoviedb.org/t/p/w600_and_h900_face/4rOMi0FAfFwLfS1qsoklDAejI70.jpg		https://youtu.be/WAvsMs1-8IY	\N	0.0000	4.5000	0	f	f	t	1	2026-05-21 15:57:57.511194-05	2026-05-22 13:50:07.194542-05
4009	\N	Monsters, Inc.	Monsters, Inc.	monsters-inc	Para alimentar la ciudad, los monstruos tienen que asustar a los niños para que griten. Sin embargo, los niños son tóxicos para los monstruos, y después de que un niño pasa, dos monstruos se dan cuenta de que las cosas pueden no ser lo que ellos piensan.	2001	120	PG-13	es	\N	https://image.tmdb.org/t/p/w600_and_h900_bestv2/w4EJRJNyKcMQns8dUbBeKayi9DT.jpg	https://image.tmdb.org/t/p/original/sDTnMOJ3H5wI38OxObmCtK7wfd5.jpg	GnuQH_ASzu8	\N	7.8480	4.0000	1	f	f	t	\N	2026-05-17 22:57:38.747774-05	2026-05-17 22:57:38.747796-05
4260	\N	Ad astra	\N	mas-alla-de-las-estrellas	El futuro cercano, un tiempo en el que tanto la esperanza como la adversidad impulsan a la humanidad a mirar hacia las estrellas y más allá. Mientras un misterioso fenómeno amenaza con destruir la vida en el planeta Tierra, el astronauta Roy McBride emprende una misión a través de la inmensidad del espacio y sus muchos peligros para descubrir la verdad sobre una expedición perdida que décadas antes afrontó audazmente el vacío y el silencio en busca de lo desconocido.	2019	123	\N	\N	\N	https://media.themoviedb.org/t/p/w600_and_h900_face/kK6Oq4JywUNXmJ299efUkv1h6Mn.jpg		https://youtu.be/MH7ZiGwlmzs	\N	0.0000	4.9000	0	f	f	t	1	2026-05-21 15:57:57.509116-05	2026-05-22 13:52:53.243909-05
4258	\N	Fuego Cruzado	\N	fuego-cruzado	Un bombero fuera de servicio es testigo de un asesinato a manos de una banda de mafiosos. Entrará en el programa de protección de testigos hasta que testifique, pero no conseguirá ocultarse por mucho tiempo de la banda por lo que decidirá actuar por su cuenta e ir a por el cabecilla para proteger a la mujer que ama...	2012	94	\N	\N	\N	https://media.themoviedb.org/t/p/w600_and_h900_face/9kGNhuYP3YzL7ornZdDtNF9NyYv.jpg		https://youtu.be/1J0u3itwScY	\N	0.0000	4.3000	0	f	f	t	1	2026-05-21 15:57:57.503476-05	2026-05-22 14:00:20.685861-05
4011	\N	El diablo viste a la moda	The Devil Wears Prada	el-diablo-viste-a-la-moda	En el vertiginoso mundo de la moda de Nueva York, la cumbre del éxito la representa la revista Runway, dirigida con mano de hierro por Miranda Priestly. Trabajar como ayudante de Miranda podría abrirle cualquier puerta a Andy Sachs, si no fuera porque es una chica que destaca por su desaliño estilo dentro del grupo de guapísimas periodistas de la revista. Andy comprende muy pronto que para triunfar en ese negocio va a necesitar algo más que iniciativa y preparación. Y la prueba está delante de ella, vestida de pies a cabeza de Prada.	2006	120	PG-13	es	\N	https://image.tmdb.org/t/p/w600_and_h900_bestv2/gvBvYFS9LVeukBYcdBX2HJZN4DL.jpg	https://image.tmdb.org/t/p/original/gkh6Nt8DtY1XT4gQsyFq9XAVJlJ.jpg	6ZOZwUQKu3E	\N	7.4120	7.4000	13444	f	f	t	\N	2026-05-17 22:57:41.481929-05	2026-05-17 22:57:41.481953-05
4012	\N	Boda sangrienta 2	Ready or Not: Here I Come	boda-sangrienta-2	Momentos después de sobrevivir a un ataque de la familia Le Domas, Grace descubre que ha alcanzado el siguiente nivel del juego, y esta vez acompañada por su hermana Faith, con quien mantiene una relación distante. Grace tiene una oportunidad para sobrevivir, mantener con vida a su hermana y reclamar el Alto Trono del Consejo que controla el mundo. Cuatro familias rivales la persiguen para hacerse con el trono, y quien gane lo gobernará todo.	2026	120	PG-13	es	\N	https://image.tmdb.org/t/p/w600_and_h900_bestv2/tQV0X354U142Cao8Be6eUt38spS.jpg	https://image.tmdb.org/t/p/original/9dMp9t0d0nIGhiil8TyqChwiNwA.jpg	4pprkl7MaJg	\N	7.6050	7.6000	722	f	f	t	\N	2026-05-17 22:57:42.243197-05	2026-05-17 22:57:42.243221-05
4013	\N	¡Ayuda!	Send Help	ayuda	Después de que un accidente de avión deje varados en una isla remota a una capaz empleada y a su molesto jefe, ella deberá utilizar sus habilidades de supervivencia para mantenerlos a ambos con vida, a pesar de su difícil relación.	2026	120	PG-13	es	\N	https://image.tmdb.org/t/p/w600_and_h900_bestv2/xzM7ixyJvqvW4le3SHYq8JsqGMK.jpg	https://image.tmdb.org/t/p/original/fBh0OlTY5XSHuFrQ7ylXHniwg9s.jpg	5fYFeHNPSpM	\N	7.0300	7.0000	1463	f	f	t	\N	2026-05-17 22:57:42.989239-05	2026-05-17 22:57:42.989253-05
4014	\N	Te Van A Matar	They Will Kill You	te-van-a-matar	Una mujer acepta un trabajo como ama de llaves en un rascacielos de Nueva York, sin conocer el historial de desapariciones del edificio. Pronto se da cuenta de que la comunidad está rodeada de misterio.	2026	120	PG-13	es	\N	https://image.tmdb.org/t/p/w600_and_h900_bestv2/jOYxV166K7b7HWnswjoZKxi3sux.jpg	https://image.tmdb.org/t/p/original/qnTdOizsXBzYu3uIbfhHSfE29TE.jpg	MxlQReVQBJo	\N	6.8910	6.9000	512	f	f	t	\N	2026-05-17 22:57:43.698157-05	2026-05-17 22:57:43.698187-05
4015	\N	El diablo viste a la moda 2	The Devil Wears Prada 2	el-diablo-viste-a-la-moda-2	Sigue la lucha de Miranda Priestly contra Emily Charlton, su ex asistente convertida en ejecutiva rival, mientras compiten por los ingresos por publicidad en medio de la decadencia de los medios impresos y Miranda se acerca a la jubilación.	2026	120	PG-13	es	\N	https://image.tmdb.org/t/p/w600_and_h900_bestv2/rdvPsRItlhErfKF8Y0f0wjnxUzz.jpg	https://image.tmdb.org/t/p/original/2cr7imTLVSSrzgL3bFKAMCMdgKw.jpg	O52u0imiqNY	\N	6.7000	6.7000	573	f	f	t	\N	2026-05-17 22:57:44.42194-05	2026-05-17 22:57:44.421963-05
4016	\N	El Drama	The Drama	el-drama	Cuenta la historia de una pareja cuyo romance cambia radicalmente antes de su gran día.	2026	120	PG-13	es	\N	https://image.tmdb.org/t/p/w600_and_h900_bestv2/IsyXDsvsNthbtdpM4qMwop1Gwo.jpg	https://image.tmdb.org/t/p/original/rw1WmxUvmbwRsbAX12m6toIg04j.jpg	GsvzQgkoIsY	\N	6.9000	6.9000	766	f	f	t	\N	2026-05-17 22:57:45.138679-05	2026-05-17 22:57:45.1387-05
4017	\N	Bolas arriba	Balls Up	bolas-arriba	Dos ejecutivos de marketing estadounidenses son despedidos por desaprovechar una oportunidad de patrocinio con un cliente y deciden usar sus entradas gratis para un importante partido de fútbol. Su desenfreno bajo los efectos del alcohol los convierte en perseguidos por todo el país.	2026	120	PG-13	es	\N	https://image.tmdb.org/t/p/w600_and_h900_bestv2/uVybc3pLqHSoMC73kElu93oJBRQ.jpg	https://image.tmdb.org/t/p/original/jRsjWwZzI39bTm44FNhRtiICd9k.jpg	GVS9dbARX7k	\N	5.8070	5.8000	218	f	f	t	\N	2026-05-17 22:57:45.836015-05	2026-05-17 22:57:45.836039-05
4018	\N	¿Quieres ser mi novia?	¿Quieres ser mi novia?	quieres-ser-mi-novia	La relación de Javi y Lu enfrenta pruebas cuando surgen tentaciones: una joven con quien Javi tiene química, y un hombre maduro que persigue a Lu. Entre humor y enredos, su amor es puesto a prueba	2026	120	PG-13	es	\N	https://image.tmdb.org/t/p/w600_and_h900_bestv2/oscW8xV8EhRYj7iAhyVlBohKqxo.jpg	https://image.tmdb.org/t/p/original/1ZruuRXztqC3QQybbgbVxVrdNjv.jpg	FjM-TyhIseM	\N	8.5970	8.6000	98	f	f	t	\N	2026-05-17 22:57:46.578253-05	2026-05-17 22:57:46.578273-05
4019	\N	Tiempos Violentos	Pulp Fiction	tiempos-violentos	Jules y Vincent, dos asesinos a sueldo con muy pocas luces, trabajan para Marsellus Wallace. Vincent le confiesa a Jules que Marsellus le ha pedido que cuide de Mia, su mujer. Jules le recomienda prudencia porque es muy peligroso sobrepasarse con la novia del jefe. Cuando llega la hora de trabajar, ambos deben ponerse manos a la obra. Su misión: recuperar un misterioso maletín.	1994	120	PG-13	es	\N	https://image.tmdb.org/t/p/w600_and_h900_bestv2/vruZ74rfN7LhykfkAJz21cVpN8M.jpg	https://image.tmdb.org/t/p/original/suaEOtk1N1sgg2MTM7oZd2cfVp3.jpg	tGpTpVyI_OQ	\N	8.4840	8.5000	30154	f	f	t	\N	2026-05-17 22:57:47.699981-05	2026-05-17 22:57:47.700005-05
4020	\N	Cannibal Mukbang	Cannibal Mukbang	cannibal-mukbang		2025	120	PG-13	es	\N	https://image.tmdb.org/t/p/w600_and_h900_bestv2/f30neqyKxshsD9T5bCGenqVSkjf.jpg	https://image.tmdb.org/t/p/original/1buxBsiQM1zQvEEM8FyJH6lZgHa.jpg	yRn7Zmlyp6U	\N	4.5000	4.5000	10	f	f	t	\N	2026-05-17 22:57:48.772203-05	2026-05-17 22:57:48.772225-05
4021	\N	El limite del placer	Graphic Desires	el-limite-del-placer	Cuando el solitario Franklin engaña a su pareja con una chica misteriosa que conoce en una aplicación de citas, se convierte en el comienzo de una obsesión mortal.	2023	120	PG-13	es	\N	https://image.tmdb.org/t/p/w600_and_h900_bestv2/fLHXk8eN7Rh2snjjB5KhEE9tqgo.jpg	https://image.tmdb.org/t/p/original/rHnANzYUmV3WZw3n0yWOLiR3pen.jpg	hK21ALZussc	\N	7.0000	7.0000	63	f	f	t	\N	2026-05-17 22:57:50.316505-05	2026-05-17 22:57:50.316529-05
4022	\N	Caminos del crimen	Crime 101	caminos-del-crimen	Un escurridizo ladrón ve la oportunidad de hacer el golpe de su vida con la esperanza de que sea su último trabajo. En su camino se cruza con una desilusionada corredora de seguros y también un implacable detective se acerca a la operación, lo que aumenta aún más lo que está en juego . A medida que se acerca el robo multimillonario, la línea entre cazador y presa comienza a difuminarse, y los tres se ven obligados a afrontar el coste de sus decisiones y darse cuenta de que no hay vuelta atrás.	2026	120	PG-13	es	\N	https://image.tmdb.org/t/p/w600_and_h900_bestv2/2EI8HmeQgbryWw5clWYc4vYj1tU.jpg	https://image.tmdb.org/t/p/original/52AkwEfQiJl2HuTPMZ2yC5Bdr9I.jpg	R4GEdGRQVBU	\N	6.9520	7.0000	953	f	f	t	\N	2026-05-17 22:57:51.005165-05	2026-05-17 22:57:51.005184-05
4023	\N	Scream 7	Scream 7	scream-7	La tranquila y rehecha vida Sidney Prescott se cae a pedazos cuando Ghostface llega al pueblo. Sin embargo, sus peores temores se hacen realidad cuando su hija Tatum se convierte en la próxima víctima.	2026	120	PG-13	es	\N	https://image.tmdb.org/t/p/w600_and_h900_bestv2/5XhV5Sk7w4h2tCNvXovkFfTNRli.jpg	https://image.tmdb.org/t/p/original/t9J2HXaDuJR7bvIG9XF7mttn4VY.jpg	LADu5myhnW4	\N	6.1190	6.1000	896	f	f	t	\N	2026-05-17 22:57:51.71678-05	2026-05-17 22:57:51.716803-05
4024	\N	Sueño de fuga	The Shawshank Redemption	sueno-de-fuga	Andy Dufresne es un banquero injustamente encarcelado en la prisión de Shawshank por el asesinato de su esposa y su amante. Dentro de prisión, Andy entabla una amistad con Red, un prisionero con habilidades para conseguir cosas. Estos dos hombres encarcelados se unirán durante años, encontrando consuelo y eventual redención a través de actos de decencia común.	1994	120	PG-13	es	\N	https://image.tmdb.org/t/p/w600_and_h900_bestv2/l6V3TEoJlGh3ztAFxK2hemHfDJ2.jpg	https://image.tmdb.org/t/p/original/zfbjgQE1uSd9wiPTX4VzsLi0rGG.jpg	PLl99DlL6b4	\N	8.7200	8.7000	30348	f	f	t	\N	2026-05-17 22:57:52.787774-05	2026-05-17 22:57:52.787794-05
4025	\N	Dhurandhar: The Revenge	धुरंधर: द रिवेंज	dhurandhar-the-revenge	Hamza Ali Mazari, cuya verdadera identidad es Jaskirat Singh Rangi, continúa su operación encubierta en el mundo criminal de Pakistán mientras rastrea a Majo.	2026	120	PG-13	es	\N	https://image.tmdb.org/t/p/w600_and_h900_bestv2/jvAEt2mqWdY0sUNybtVFelRzMnZ.jpg	https://image.tmdb.org/t/p/original/gRoZG3Z0zJxgElmTsVHOl2dNYXe.jpg	NHk7scrb_9I	\N	7.3000	7.3000	72	f	f	t	\N	2026-05-17 22:57:53.909034-05	2026-05-17 22:57:53.909054-05
4026	\N	El Padrino	The Godfather	el-padrino	Don Vito Corleone es el respetado y temido jefe de una de las cinco familias de la mafia de Nueva York. Tiene cuatro hijos: una chica, Connie, y tres varones: el impulsivo Sonny, el pusilánime Freddie y Michael, que no quiere saber nada de los negocios de su padre. Cuando Corleone, siempre aconsejado por su consejero Tom Hagen, se niega a intervenir en el negocio de las drogas, el jefe de otra banda ordena su asesinato. Empieza entonces una violenta y cruenta guerra entre las familias mafiosas.	1972	120	PG-13	es	\N	https://image.tmdb.org/t/p/w600_and_h900_bestv2/tUeZeWzbw37sOIpDsuK8qq8Unor.jpg	https://image.tmdb.org/t/p/original/tSPT36ZKlP2WVHJLM4cQPLSzv3b.jpg	Ew9ngL1GZvs	\N	8.7000	8.7000	22901	f	f	t	\N	2026-05-17 22:57:55.022443-05	2026-05-17 22:57:55.022462-05
4027	\N	Los ilusionistas 3: Ahora me ves, ahora no	Now You See Me: Now You Don't	los-ilusionistas-3-ahora-me-ves-ahora-no	La historia remota un robo de diamantes que involucra a dos generaciones de ilusionistas, lo que forza a los Jinetes a salir de su retiro y unirse a los nuevos protagonistas para detener a un poderoso grupo de criminales.	2025	120	PG-13	es	\N	https://image.tmdb.org/t/p/w600_and_h900_bestv2/mnaQvOHu7Dl6Kdz2GPXKNFmnAgx.jpg	https://image.tmdb.org/t/p/original/dHSz0tSFuO2CsXJ1CApSauP9Ncl.jpg	i_h4zRIe7I4	\N	6.5140	6.5000	1485	f	f	t	\N	2026-05-17 22:57:56.500028-05	2026-05-17 22:57:56.500053-05
4028	\N	Batman: El caballero de la noche	The Dark Knight	batman-el-caballero-de-la-noche	Cuando la amenaza conocida como el Joker causa estragos y caos en la gente de Ciudad Gótica, Batman debe aceptar una de las mayores pruebas psicológicas y físicas de su capacidad para luchar contra la injusticia.	2008	120	PG-13	es	\N	https://image.tmdb.org/t/p/w600_and_h900_bestv2/vLFCrzI3V4kbze877tP1H7TqppL.jpg	https://image.tmdb.org/t/p/original/cfT29Im5VDvjE0RpyKOSdCKZal7.jpg	_PZpmTj1Q8Q	\N	8.5300	8.5000	35722	f	f	t	\N	2026-05-17 22:57:57.576611-05	2026-05-17 22:57:57.576636-05
4029	\N	Wardriver	Wardriver	wardriver	Un joven hacker es engañado para atracar la cuenta bancaria de una mujer desprevenida.	2026	120	PG-13	es	\N	https://image.tmdb.org/t/p/w600_and_h900_bestv2/ipTXhWCJgeg5RN0CpmFZYDzOzQi.jpg	https://image.tmdb.org/t/p/original/fcNno43tiFnaycu1mO9TqfbPL45.jpg	IZ-lmlN9JVw	\N	6.7190	6.7000	32	f	f	t	\N	2026-05-17 22:57:58.711733-05	2026-05-17 22:57:58.711757-05
4030	\N	El botín	The Rip	el-botin	La confianza tambalea cuando un grupo de policías de Miami descubre millones de dólares en efectivo en una casa de seguridad abandonada. Ya nada ―ni nadie― queda fuera de sospecha.	2026	120	PG-13	es	\N	https://image.tmdb.org/t/p/w600_and_h900_bestv2/3dQVnkDyTq0NCbRCUZc5tdztVbd.jpg	https://image.tmdb.org/t/p/original/3F2EXWF1thX0BdrVaKvnm6mAhqh.jpg	yeR5bcbRPak	\N	7.0620	7.1000	1585	f	f	t	\N	2026-05-17 22:57:59.833347-05	2026-05-17 22:57:59.833372-05
4031	\N	Equipo Demolición	The Wrecking Crew	equipo-demolicion	Un improbable dúo de hermanastros, uno un impulsivo detective y el otro un disciplinado, se ven atraídos por el asesinato de su padre en Hawai, lo que les lleva a un peligroso viaje para desenmascarar una conspiración de largo alcance.	2026	120	PG-13	es	\N	https://image.tmdb.org/t/p/w600_and_h900_bestv2/pG39vgTEhHeYIlcPJtHpxNLdPPM.jpg	https://image.tmdb.org/t/p/original/cz4vLJrmaV1zJlRYbxqtvLzeLWB.jpg	v8R0xDczERo	\N	6.9290	6.9000	987	f	f	t	\N	2026-05-17 22:58:00.905706-05	2026-05-17 22:58:00.905727-05
4032	\N	Hot Girls Wanted	Hot Girls Wanted	hot-girls-wanted	Gracias a Internet, miles de jóvenes estadounidenses están entrando en el mundo del porno "amateur", satisfaciendo una demanda creciente de aspirantes a estrellas de un tipo de cine porno estilo "chica de al lado". 'Hot Girls Wanted' sigue a una de esas chicas, deseosa de dejar la vida de pueblo pequeño en busca de fama y dinero.	2015	120	PG-13	es	\N	https://image.tmdb.org/t/p/w600_and_h900_bestv2/75ot83QOkc02vujyzmIbumQCU6Y.jpg	https://image.tmdb.org/t/p/original/bV7eAcBrYb57PwjpQ2ODT6VyFPd.jpg	o2dQojRHX9Q	\N	6.0900	6.1000	721	f	f	t	\N	2026-05-17 22:58:02.404554-05	2026-05-17 22:58:02.404567-05
4033	\N	After Porn Ends 2	After Porn Ends 2	after-porn-ends-2	After Porn Ends 2. En esta secuela de After Porn Ends se entrevista a un nuevo grupo de ex-estrellas del porno para ser testigos de cómo son sus vidas después de abandonar la industria del cine para adultos. Entre las entrevistadas, leyendas del género como Ginger Lynn (Ten Little Maidens) o Georgina Spelvin (Devil in Miss Jones).	2017	120	PG-13	es	\N	https://image.tmdb.org/t/p/w600_and_h900_bestv2/eLYKLIIJDBhbXEtmagkHCcDt8eD.jpg	https://image.tmdb.org/t/p/original/3Sq9c1Lxh75neQ2BC9thaTO74FZ.jpg	T9fLBBxjAgM	\N	5.4000	5.4000	251	f	f	t	\N	2026-05-17 22:58:04.288172-05	2026-05-17 22:58:04.28819-05
4034	\N	This Is It	This Is It	this-is-it	Una compilación de entrevistas, ensayos y metraje de entre bastidores de Michael Jackson ya que se preparó para su serie de espectáculos vendidos en Londres.	2009	120	PG-13	es	\N	https://image.tmdb.org/t/p/w600_and_h900_bestv2/a7nyJrfaI4lHyPDh4ptecylfqD7.jpg	https://image.tmdb.org/t/p/original/mqAuLsN6oOme6lSKoTb6yyP4U8E.jpg	FsVYuGwAuR0	\N	7.2660	7.3000	1018	f	f	t	\N	2026-05-17 22:58:05.332579-05	2026-05-17 22:58:05.332609-05
4035	\N	El clímax del millón: La historia de Pornhub	Money Shot: The Pornhub Story	el-climax-del-millon-la-historia-de-pornhub	Con entrevistas a actores, actrices, activistas y exempleados, este documental presenta un análisis profundo de los éxitos y los escándalos de Pornhub.	2023	120	PG-13	es	\N	https://image.tmdb.org/t/p/w600_and_h900_bestv2/uJldamB3Le1eELdjqaBd4APGU49.jpg	https://image.tmdb.org/t/p/original/sGE6N1vJjxZLkOJEXdIOqTslxuL.jpg	WTAay-4QUuY	\N	5.7630	5.8000	355	f	f	t	\N	2026-05-17 22:58:06.43925-05	2026-05-17 22:58:06.439271-05
4036	\N	Thriller 40	Thriller 40	thriller-40	Este documental rinde homenaje a "Thriller" de Michael Jackson, el disco más vendido de todos los tiempos. A través de grabaciones nunca antes vistas y entrevistas exclusivas, se cuenta la historia detrás de este icónico álbum y cómo catapultó a Michael Jackson al estatus de megaestrella. El documental ofrece una visión única del proceso creativo de Jackson, la producción del álbum y el impacto cultural que tuvo "Thriller" en la música y en la industria del entretenimiento a nivel mundial. Una celebración de la genialidad de uno de los artistas más influyentes de la historia de la música.	2023	120	PG-13	es	\N	https://image.tmdb.org/t/p/w600_and_h900_bestv2/sBuE1QK9w6KEnigO24EM7ECJ4SM.jpg	https://image.tmdb.org/t/p/original/kkyn5vyMqkgCp944QeBumJ6aktP.jpg	xyJJnzHr96c	\N	8.5520	8.6000	106	f	f	t	\N	2026-05-17 22:58:07.561871-05	2026-05-17 22:58:07.561891-05
4037	\N	Le Clitoris	Le Clitoris	le-clitoris		2017	120	PG-13	es	\N	https://image.tmdb.org/t/p/w600_and_h900_bestv2/osBGGlyIwsnSDIJ3vy83JpH1OUY.jpg	https://image.tmdb.org/t/p/original/aLhtnH4pKHnD02ZfBGm2djwlNBH.jpg	AAs0kYlNWdY	\N	6.7560	6.8000	43	f	f	t	\N	2026-05-17 22:58:08.685458-05	2026-05-17 22:58:08.685478-05
4038	\N	El choque	The Crash	el-choque	Una adolescente choca contra un edificio y causa la muerte de su novio y de su amigo. En este documental, lo que parecía un trágico accidente se convierte en un caso de asesinato.	2026	120	PG-13	es	\N	https://image.tmdb.org/t/p/w600_and_h900_bestv2/mTN9baARVvqjS8ZuMUQeFBW6z2l.jpg	https://image.tmdb.org/t/p/original/2iqLoDsatVBwAvHTEzI71p3qBe9.jpg	fODfHjrBz6Y	\N	6.4000	6.4000	9	f	f	t	\N	2026-05-17 22:58:10.613533-05	2026-05-17 22:58:10.613555-05
4039	\N	Marty, Life Is Short: El documental	Marty, Life Is Short	marty-life-is-short-el-documental	Martin Short repasa toda una vida impulsada por la alegría en este documental con clips clásicos, nuevas entrevistas y películas caseras inéditas llenas de estrellas.	2026	120	PG-13	es	\N	https://image.tmdb.org/t/p/w600_and_h900_bestv2/z4QdUukg4FnbcwM6qeP6ZCoQZhf.jpg	https://image.tmdb.org/t/p/original/vate7k6MyLQDeFYkHqCrLhRes6m.jpg	QBvYXE6oZ64	\N	8.1670	8.2000	6	f	f	t	\N	2026-05-17 22:58:11.732011-05	2026-05-17 22:58:11.732031-05
4040	\N	Billie Eilish - Hit Me Hard and Soft: El tour en 3D	Billie Eilish - Hit Me Hard and Soft: The Tour (Live in 3D)	billie-eilish-hit-me-hard-and-soft-el-tour-en-3d	Concierto de Billie Eilish dirigido por Billie Eilish y James Cameron. Capturado durante su gira mundial con todas las entradas agotadas, ofrece una innovadora experiencia de concierto en la gran pantalla de una de las artistas más celebradas y exitosas de su generación.	2026	120	PG-13	es	\N	https://image.tmdb.org/t/p/w600_and_h900_bestv2/4xgYyL7QvMeJuj3nzqPqxUPp0JN.jpg	https://image.tmdb.org/t/p/original/uRs7s4CowsDqium4ses8tc5QNO5.jpg	3pcP1wwdxfo	\N	7.1560	7.2000	16	f	f	t	\N	2026-05-17 22:58:12.439756-05	2026-05-17 22:58:12.439776-05
4041	\N	Michael Jackson: Chase the Truth	Michael Jackson: Chase the Truth	michael-jackson-chase-the-truth	Una mirada investigativa a las batallas legales de la superestrella mundial. Amigos cercanos, ex empleados e investigadores pintan un retrato íntimo del complejo mundo de Jackson y examinan las acusaciones de abuso sexual bajo la lupa. La película defiende al cantante estadounidense Michael Jackson de las acusaciones de abuso sexual infantil presentadas en el documental Leaving Neverland.	2019	120	PG-13	es	\N	https://image.tmdb.org/t/p/w600_and_h900_bestv2/v230avGQGCKTe4RJ13cLaAwFQOT.jpg	https://image.tmdb.org/t/p/original/kPg8Qwz8LipQr8k50kBxzK4v9RW.jpg	uM0hc2BizLE	\N	7.0380	7.0000	26	f	f	t	\N	2026-05-17 22:58:13.522541-05	2026-05-17 22:58:13.522562-05
4042	\N	La Odisea	The Odyssey	la-odisea	Una adaptación del poema épico de Homero del mismo nombre, sigue a Odiseo en su peligroso viaje a casa después de la Guerra de Troya, mostrando sus encuentros con Polifemo, las sirenas, Circe y terminando con su reunión con su esposa, Penélope.	2026	120	PG-13	es	\N	https://image.tmdb.org/t/p/w600_and_h900_bestv2/tcYM55YaRob9UrPf9vW2lrBpIY8.jpg	https://image.tmdb.org/t/p/original/m3Pom6pbD51bBv3syz8NMHda3fz.jpg	7GciuQJFsWE	\N	0.0000	0.0000	0	f	f	t	\N	2026-05-17 22:58:15.387638-05	2026-05-17 22:58:15.387654-05
4044	\N	Moonwalker	Moonwalker	moonwalker	Película antológica de, y protagonizada por, Michael Jackson en su mejor momento, combinando un número de videos musicales de su best seller «Bad» con un cuento de fantasía sobre el enfrentamiento de Michael con un despiadado traficante de drogas conocido como Sr. Big.	1988	120	PG-13	es	\N	https://image.tmdb.org/t/p/w600_and_h900_bestv2/3GwTPQkAcgDeAirRpEuJG8HDdRz.jpg	https://image.tmdb.org/t/p/original/ihIVjdiuvtVuFUaCqfNJwajIs3i.jpg	muOfjiMAIKw	\N	7.0170	7.0000	635	f	f	t	\N	2026-05-17 22:58:17.577688-05	2026-05-17 22:58:17.577711-05
4046	\N	Mortal Kombat: Aniquilación	Mortal Kombat: Annihilation	mortal-kombat-aniquilacion	Estamos en el universo del Emperador Shao-Khan, donde las reglas no existen y la vida es una continua batalla. Los esbirros del maquiavélico Khan han sido adiestrados para matar y están dispuestos a cumplir las órdenes de su amo, conseguir el control de la Tierra para iniciar su aniquilación total. Un héroe, llamado Liu Kang, les hará frente.	1997	120	PG-13	es	\N	https://image.tmdb.org/t/p/w600_and_h900_bestv2/wImgbIw8knn5WQvvqV5wdnIHdWn.jpg	https://image.tmdb.org/t/p/original/19EpgKZDkLIwY1TI1pjBJtQ5qdr.jpg	dimVCTUBJEA	\N	4.5440	4.5000	1330	f	f	t	\N	2026-05-17 22:58:19.696715-05	2026-05-17 22:58:19.696735-05
4047	\N	Harry Potter y la piedra filosofal	Harry Potter and the Philosopher's Stone	harry-potter-y-la-piedra-filosofal	Al cumplir los once años, Harry Potter descubre que es un mago y que es hijo de dos destacados hechiceros. Mientras estudia en la escuela Hogwarts de Magia y Hechicería, poco a poco descubre más la verdad sobre la muerte de sus padres hechiceros.	2001	120	PG-13	es	\N	https://image.tmdb.org/t/p/w600_and_h900_bestv2/3MKK7vAJLtSkBTABMTjxf6TOCo3.jpg	https://image.tmdb.org/t/p/original/1XAC6RPT01UX9EQGy2JVn5c8pgy.jpg	ZgrCZVjPg9g	\N	7.8980	7.9000	29516	f	f	t	\N	2026-05-17 22:58:20.374598-05	2026-05-17 22:58:20.37462-05
4048	\N	Barbie	Barbie	barbie	Una muñeca que vive en 'Barbieland' es expulsada al mundo real por no ser lo suficientemente perfecta. Basada en la popular muñeca Barbie.	2023	120	PG-13	es	\N	https://image.tmdb.org/t/p/w600_and_h900_bestv2/lF3ViyfgJ8VEwQSlqPhuhm6WW43.jpg	https://image.tmdb.org/t/p/original/mbYTRO33LJAgpCMrIn9ibiWHbMH.jpg	Z0e8zwJzNr0	\N	6.9250	6.9000	11072	f	f	t	\N	2026-05-17 22:58:21.599729-05	2026-05-17 22:58:21.599749-05
4269	\N	El Reino Mágico	\N	el-reino-magico	Foal y su amigo John emprenden un viaje inolvidable mientras tratan de ser más astutos que el rey tirano, atrapan al pájaro de fuego y encuentran el verdadero amor de John en los caminos mágicos.	2021	100	\N	\N	\N	https://media.themoviedb.org/t/p/w600_and_h900_face/ec9YEtoKixNOdGc8wDHhU33kWuF.jpg		https://youtu.be/BuraVPvqNQ4	\N	0.0000	4.8000	0	f	f	t	1	2026-05-21 15:57:57.528298-05	2026-05-22 13:23:28.744536-05
4270	\N	Crown of Shadows	\N	dragones-y-reyes	The Kingdom of Aberon has fallen into darkness under Queen Ginnarra's reign since she murdered the King. Exiled and hunted, her brother Prince Elderon joins a rebellion, summoning a dragon to defeat the Queen and the Dark Gods she serves.	2025	144	\N	\N	\N	https://media.themoviedb.org/t/p/w600_and_h900_face/oK8Po4rbIWnZ5cNmBuutOvRrhcz.jpg		https://youtu.be/IdspTEu16TE	\N	0.0000	4.6000	0	f	f	t	1	2026-05-21 15:57:57.529995-05	2026-05-22 13:20:35.615658-05
4268	\N	La Leyenda de Ochi	\N	el-guardian-del-bosque	En una aldea remota de la isla de Carpatia, Yuri, una tímida campesina, es criada con el miedo a una especie animal esquiva llamada ochi. Pero cuando Yuri descubre que han abandonado a un bebé ochi herido, emprende una misión para traerlo a casa.	2025	95	\N	\N	\N	https://media.themoviedb.org/t/p/w600_and_h900_face/vxqgIV6NBWGUZzwDQHgzSGz5DYN.jpg		https://youtu.be/ONKDR2GKD6M	\N	0.0000	4.7000	0	f	f	t	1	2026-05-21 15:57:57.526059-05	2026-05-22 13:29:36.026732-05
4266	\N	Uncharted	\N	el-tesoro-oculto	Descubre la primera aventura de Nathan Drake, un joven, astuto y carismático cazatesoros, con su ingenioso compañero Victor “Sully” Sullivan. En una aventura de acción que se extiende por todo el mundo, ambos se embarcan en una peligrosa búsqueda de “el mayor tesoro nunca antes encontrado” al tiempo que rastrean las claves que les podrían conducir al hermano de Nathan, perdido hace ya mucho tiempo.	2022	115	\N	\N	\N	https://media.themoviedb.org/t/p/w600_and_h900_face/8FiWi61YRbkN95xmH668iq5sCo1.jpg		https://youtu.be/53bVf9JlqQ4	\N	0.0000	4.5000	0	f	f	t	1	2026-05-21 15:57:57.522164-05	2026-05-22 13:35:41.861865-05
4049	\N	Milagros Inesperados	The Green Mile	milagros-inesperados	Las vidas de los guardias del corredor de la muerte se ven afectadas por uno de sus cargos: un hombre negro acusado de asesinato y violación de niños, pero que tiene un misterioso don.	1999	120	PG-13	es	\N	https://image.tmdb.org/t/p/w600_and_h900_bestv2/7ezlnHDn6clFku58TmFmpKUQUqf.jpg	https://image.tmdb.org/t/p/original/b6HWTOxn1xevvyHU2K9ICvaRU6g.jpg	Bg7epsq0OIQ	\N	8.5050	8.5000	19224	f	f	t	\N	2026-05-17 22:58:22.716475-05	2026-05-17 22:58:22.716498-05
4050	\N	Ted 2	Ted 2	ted-2	Se trata de una secuela de la exitosa comedia escrita y dirigida por el cómico Seth MacFarlane. Recién casados Ted y Tami-Lynn deciden tener un bebé. John se ofrece en donar su esperma para que su mejor amigo pueda cumplir su sueño de tener un hijo, pero inesperadamente reciben una carta legal que dice que el estado no le permite ser padre ya que no está demostrado que sea una persona. Todos juntos tendrán que unir fuerzas para luchar por sus derechos en un tribunal de justicia.	2015	120	PG-13	es	\N	https://image.tmdb.org/t/p/w600_and_h900_bestv2/bO59Vn36fQauTDQpKNlHxvcK9Nw.jpg	https://image.tmdb.org/t/p/original/xtHonIIIQXverDQM08TMQXjn9Fe.jpg	mSG3R_2Uisw	\N	6.3190	6.3000	7967	f	f	t	\N	2026-05-17 22:58:23.856519-05	2026-05-17 22:58:23.856543-05
4051	\N	Criaturas luminosas	Remarkably Bright Creatures	criaturas-luminosas	Mientras trabaja por las noches en un pequeño acuario, una viuda forja un vínculo con un pulpo inteligente y un joven sin rumbo en este emotivo drama basado en la exitosa novela.	2026	120	PG-13	es	\N	https://image.tmdb.org/t/p/w600_and_h900_bestv2/8I2O28Y0avRiKDfdzdkAKbSLxft.jpg	https://image.tmdb.org/t/p/original/bVGHSe47W6oCQL1Q88pvRAet51A.jpg	o2YgAKPK5HE	\N	8.5240	8.5000	289	f	f	t	\N	2026-05-17 22:58:24.985567-05	2026-05-17 22:58:24.985588-05
4052	\N	La Empleada	The Housemaid	la-empleada	Una mujer que atraviesa un momento difícil encuentra una nueva oportunidad al empezar de nuevo como criada para una pareja adinerada.	2025	120	PG-13	es	\N	https://image.tmdb.org/t/p/w600_and_h900_bestv2/x8ygUQ4YNd8iy0oEusS1bHI08A6.jpg	https://image.tmdb.org/t/p/original/zTnAnYIn0Iv3cn0ZHlzLhou3ybm.jpg	Y0wpX29iED8	\N	7.2400	7.2000	2110	f	f	t	\N	2026-05-17 22:58:26.476321-05	2026-05-17 22:58:26.476344-05
4053	\N	Brothers Under Fire	Brothers Under Fire	brothers-under-fire	El escuadrón del capitán Jordan Wright, de permiso para asistir a una boda en México, se topa con un cártel asesino. Mientras Jordan intenta poner a salvo a los supervivientes, estalla la guerra entre su escuadrón y el cártel, lo que le obliga a luchar para salvar a sus hombres.	2026	120	PG-13	es	\N	https://image.tmdb.org/t/p/w600_and_h900_bestv2/e5EKqk9V7N3w0WvYFhl6wSVrMp0.jpg	https://image.tmdb.org/t/p/original/6D2NsU3FIQVthPgjT6RAsX58qZ6.jpg	DrG4QkBpqMc	\N	6.1190	6.1000	21	f	f	t	\N	2026-05-17 22:58:27.626156-05	2026-05-17 22:58:27.626175-05
4054	\N	Dollhouse: Muñeca maldita	ドールハウス	dollhouse-muneca-maldita	Yoshie y Tadahiko son un matrimonio feliz, hasta que su hija de 5 años Mei fallece. Tras su pérdida, Yoshie entra en una gran depresión. Un día, ella encuentra una muñeca parecida a Mei en un mercadillo de antigüedades y la compra.	2025	120	PG-13	es	\N	https://image.tmdb.org/t/p/w600_and_h900_bestv2/zOTXxsvCMzolh6uuEy7GBY9zihB.jpg	https://image.tmdb.org/t/p/original/hV6eicjIYxP1v6Qki0bAUMF2Ijf.jpg	a0qxDTU0KXY	\N	7.4270	7.4000	55	f	f	t	\N	2026-05-17 22:58:28.324921-05	2026-05-17 22:58:28.324944-05
4055	\N	Terror en Silent Hill: Regreso al infierno	Return to Silent Hill	terror-en-silent-hill-regreso-al-infierno	Cuando James recibe una misteriosa carta de Mary, su amor perdido, se siente atraído por Silent Hill, un pueblo que antes le era familiar y ahora está sumido en la oscuridad.	2026	120	PG-13	es	\N	https://image.tmdb.org/t/p/w600_and_h900_bestv2/8JcaYXZYlT2nYlsgo1Uv7RH9FP.jpg	https://image.tmdb.org/t/p/original/v0NEB75SZjxY8GS3ho8WeEvjIT3.jpg	YqBT8asAfkQ	\N	5.3640	5.4000	519	f	f	t	\N	2026-05-17 22:58:29.019855-05	2026-05-17 22:58:29.019874-05
4056	\N	La asistente de la morgue	The Mortuary Assistant	la-asistente-de-la-morgue	Rebecca Owens, una licenciada en ciencias mortuorias, acepta un trabajo nocturno en la funeraria River Fields. Lo que comienza como un trabajo rutinario pronto se vuelve siniestro al enfrentarse a terroríficas fuerzas sobrenaturales. Película basada en el videojuego del mismo nombre.	2026	120	PG-13	es	\N	https://image.tmdb.org/t/p/w600_and_h900_bestv2/3loVbnQ9hmay4OA6QjV6yMpHRYf.jpg	https://image.tmdb.org/t/p/original/gM1kQRPwOVW1Eos5tVWqcYmHR5S.jpg	BCV85HOisCw	\N	5.5000	5.5000	99	f	f	t	\N	2026-05-17 22:58:29.742627-05	2026-05-17 22:58:29.74265-05
4057	\N	La posesión de la momia	Lee Cronin's The Mummy	la-posesion-de-la-momia	La joven hija de un periodista desaparece en el desierto sin dejar rastro. Ocho años después, la familia rota se sorprende cuando ella regresa con ellos, mientras lo que debería ser una reunión alegre se convierte en una pesadilla viviente.	2026	120	PG-13	es	\N	https://image.tmdb.org/t/p/w600_and_h900_bestv2/5RhY8eHWzvjw32449pHdUkOeDCN.jpg	https://image.tmdb.org/t/p/original/wMrV8SLne1jHLeYS0lLrA1Tf86P.jpg	az6bdokjRk8	\N	6.7000	6.7000	206	f	f	t	\N	2026-05-17 22:58:30.421218-05	2026-05-17 22:58:30.421238-05
4059	\N	Midnight Matinee	Midnight Matinee	midnight-matinee		1988	120	PG-13	es	\N	https://image.tmdb.org/t/p/w600_and_h900_bestv2/czam6wq46B9UCZvq85vicElckFq.jpg	https://image.tmdb.org/t/p/original/A7BiqPOKvGNalAZhFn1WfSeG9aO.jpg	za0PR3uW-fc	\N	5.4000	5.4000	7	f	f	t	\N	2026-05-17 22:58:32.217596-05	2026-05-17 22:58:32.217618-05
4060	\N	Perdida	Gone Girl	perdida	El día de su quinto aniversario de boda, Nick Dunne informa de que su esposa Amy ha desaparecido misteriosamente. Pronto la presión policial y mediática hace que el retrato de felicidad doméstica que ofrece Nick empiece a tambalearse. Además, su extraña conducta lo convierte en sospechoso, y todo el mundo comienza a preguntase si Nick mató a su esposa...	2014	120	PG-13	es	\N	https://image.tmdb.org/t/p/w600_and_h900_bestv2/bkIhygnbv9ydlDo4SEsOcqGgQD4.jpg	https://image.tmdb.org/t/p/original/iWak7wT0j6ycCc8lKr4NBz9c7n5.jpg	2-_-1nJf8Vg	\N	7.8900	7.9000	19921	f	f	t	\N	2026-05-17 22:58:33.279388-05	2026-05-17 22:58:33.279409-05
4058	\N	Se7en: Los Siete Pecados Capitales	Se7en	se7en-los-siete-pecados-capitales	Somerset es un solitario y veterano detective a punto de retirarse que se encuentra con Mills, un joven impulsivo. Ambos investigan un particular asesinato. Es este el primero de una serie de crímenes que aluden los siete pecados capitales.	1995	120	PG-13	es	\N	https://image.tmdb.org/t/p/w600_and_h900_bestv2/4dSivge4jxozWgbD6GW2NkOYGaD.jpg	https://image.tmdb.org/t/p/original/i5H7zusQGsysGQ8i6P361Vnr0n2.jpg	5u07Zl9tpBU	\N	8.3810	5.0000	1	f	f	t	\N	2026-05-17 22:58:31.108261-05	2026-05-17 22:58:31.108281-05
4061	\N	Obsesión	Obsession	obsesion	Tras romper el misterioso "Sauce de un Deseo" para conquistar el corazón de la chica que le gusta, un romántico empedernido consigue exactamente lo que pedía, pero pronto descubre que algunos deseos tienen un precio oscuro y siniestro.	2026	120	PG-13	es	\N	https://image.tmdb.org/t/p/w600_and_h900_bestv2/40I66L7QKguTFDPvcLcdiTbAD7I.jpg	https://image.tmdb.org/t/p/original/rZfmzpixLKLR3Hg2u0WgC7XLFl8.jpg	BTc0Nicrw90	\N	8.0670	5.0000	1	f	f	t	\N	2026-05-17 22:58:34.41694-05	2026-05-17 22:58:34.416967-05
4063	\N	911: Llamada Infernal	Bodycam	911-llamada-infernal	Durante una llamada rutinaria por disturbios domésticos, un trágico accidente lleva a dos oficiales de policía a una pesadilla implacable que revela la existencia de un culto aterrador.	2026	120	PG-13	es	\N	https://image.tmdb.org/t/p/w600_and_h900_bestv2/aOIXYOwB97ioUnhHzwnyCRxwVBe.jpg	https://image.tmdb.org/t/p/original/qmWypRw88VYp35oTQn0a1sqdZRs.jpg	mjpT61-nYoY	\N	5.5520	5.6000	48	f	f	t	\N	2026-05-17 22:58:36.221033-05	2026-05-17 22:58:36.221053-05
4070	\N	La hora de la desaparición	Weapons	la-hora-de-la-desaparicion	Cuando todos los niños de una secundaria, menos uno, desaparecen misteriosamente la misma noche y exactamente a la misma hora, toda la comunidad de un pequeño pueblo se pregunta quién (o qué) es responsable de su desaparición.	2025	120	PG-13	es	\N	https://image.tmdb.org/t/p/w600_and_h900_bestv2/6Gw2eH2SkANYXC7mDjtYMppOXiL.jpg	https://image.tmdb.org/t/p/original/8VyTWJrNEyV2MTWvniDVp0MpOAe.jpg	aaca862hpnU	\N	7.2530	7.3000	3358	f	f	t	\N	2026-05-17 22:58:44.358561-05	2026-05-17 22:58:44.358581-05
4071	\N	Dusun Mayit	Dusun Mayit	dusun-mayit		2025	120	PG-13	es	\N	https://image.tmdb.org/t/p/w600_and_h900_bestv2/pkcOwMJXYAbjxEwO8rDTi8H9irL.jpg	https://image.tmdb.org/t/p/original/gJEWm8yXdMAagGlBny7MUctVI95.jpg	CEjAVcJDKRg	\N	3.0000	3.0000	1	f	f	t	\N	2026-05-17 22:58:45.537132-05	2026-05-17 22:58:45.537153-05
4072	\N	Maze Runner: Correr o morir	The Maze Runner	maze-runner-correr-o-morir	Thomas abre los ojos y se da cuenta que está en un ascensor. Lo extraño es que no recuerda nada, ni dónde está, ni quién es. Lo único que aún permanece intacto en su memoria es su nombre, y ya es mucho. Antes de que le dé tiempo a cuestionarse algo sobre sí mismo las puertas se abrirán y aparecerá ante él un extraño mundo. Todo lo que ve son chicos de su edad que tienen su mismo estado de amnesia. Una aventura fantástica que pronto destapará la dura realidad bajo ese velo de incertidumbre.	2014	120	PG-13	es	\N	https://image.tmdb.org/t/p/w600_and_h900_bestv2/6uMWXENVeq83K5THrMflbmoEbn9.jpg	https://image.tmdb.org/t/p/original/eTlcNXGv32zkVI7ZDHhfeaKHXKQ.jpg	3vWGtRErfoE	\N	7.1890	7.2000	18066	f	f	t	\N	2026-05-17 22:58:46.472576-05	2026-05-17 22:58:46.472597-05
4073	\N	undertone	undertone	undertone	Una presentadora de pódcast de terror se muda con su madre terminal. Cintas misteriosas sobre vivencias paranormales de una pareja embarazada reflejan su situación, enloqueciendo.	2026	120	PG-13	es	\N	https://image.tmdb.org/t/p/w600_and_h900_bestv2/2PFgFMnrdCPXWiZl1PUvky7Mo9D.jpg	https://image.tmdb.org/t/p/original/qXxFWyur7jFkg2aQgENcXuyYeHF.jpg	Ascdiik6BQI	\N	6.3400	6.3000	147	f	f	t	\N	2026-05-17 22:58:47.310666-05	2026-05-17 22:58:47.310689-05
4074	\N	Destino final lazos de sangre	Final Destination Bloodlines	destino-final-lazos-de-sangre	Atragantada por una violenta pesadilla recurrente, la estudiante universitaria Stefanie regresa a casa para encontrar a la única persona que podría romper el ciclo y salvar a su familia de la horrible muerte que inevitablemente les espera a todos.	2025	120	PG-13	es	\N	https://image.tmdb.org/t/p/w600_and_h900_bestv2/frNkbclQpexf3aUzZrnixF3t5Hw.jpg	https://image.tmdb.org/t/p/original/uIpJPDNFoeX0TVml9smPrs9KUVx.jpg	8FudANSsWNQ	\N	7.0440	7.0000	2823	f	f	t	\N	2026-05-17 22:58:48.498626-05	2026-05-17 22:58:48.498641-05
4075	\N	La Isla Siniestra	Shutter Island	la-isla-siniestra	En el verano de 1954, los agentes judiciales Teddy Daniels (DiCaprio) y Chuck Aule (Ruffalo) son destinados a una remota isla del puerto de Boston para investigar la desaparición de una peligrosa asesina (Mortimer) que estaba recluida en el hospital psiquiátrico Ashecliffe, un centro penitenciario para criminales perturbados dirigido por el siniestro doctor John Cawley (Kingsley). Pronto descubrirán que el centro guarda muchos secretos y que la isla esconde algo más peligroso que los pacientes.	2010	120	PG-13	es	\N	https://image.tmdb.org/t/p/w600_and_h900_bestv2/oemYX0Do8bxqVHtfCJA9c32Q5w5.jpg	https://image.tmdb.org/t/p/original/rbZvGN1A1QyZuoKzhCw8QPmf2q0.jpg	qdPw9x9h5CY	\N	8.2000	8.2000	25787	f	f	t	\N	2026-05-17 22:58:49.551646-05	2026-05-17 22:58:49.551666-05
4076	\N	Amnesia	Memento	amnesia	Un hombre con pérdida de memoria a corto plazo intenta localizar al asesino de su esposa.	2000	120	PG-13	es	\N	https://image.tmdb.org/t/p/w600_and_h900_bestv2/4fyZ1u4amzo5a5dIxUApACIvsl1.jpg	https://image.tmdb.org/t/p/original/7Wev9JMo6R5XAfz2KDvXb7oPMmy.jpg	Rq9eM4ZXRgs	\N	8.1770	8.2000	16189	f	f	t	\N	2026-05-17 22:58:50.601243-05	2026-05-17 22:58:50.601264-05
4067	\N	Las puertas de infierno	Insidious Inferno	las-puertas-de-infierno	Una cabaña aislada se ve asolada por una serie de asesinatos, y sin que sus habitantes lo sepan, algo sobrenatural acecha en sus pasillos. ¿Podrá la pareja resolver a tiempo el misterio de los terrenos malditos o abrirán la puerta al infierno?	2024	120	PG-13	es	\N	https://image.tmdb.org/t/p/w600_and_h900_bestv2/8kljUAovBatZRYp2ye2RZr239hU.jpg	https://image.tmdb.org/t/p/original/8HbNKB2pMiD3mfLgbxe7DgAKjdS.jpg	F9TGBNG6qRk	\N	6.0000	5.0000	1	f	f	t	\N	2026-05-17 22:58:40.627419-05	2026-05-17 22:58:40.62744-05
4068	\N	La sangre del Exorcista	The Crucifix: Blood of the Exorcist	la-sangre-del-exorcista	Un grave descubrimiento en los terrenos de su nuevo hogar sumerge a una joven pareja en una posesión demoníaca y venganza violenta. Este es un exorcismo que ofrece un giro muy especial.	2025	120	PG-13	es	\N	https://image.tmdb.org/t/p/w600_and_h900_bestv2/6mAcxYNN0LtPKLViAhqthqDzdDc.jpg	https://image.tmdb.org/t/p/original/be5T7oHxmDG4ytEimwPdmDHZD9N.jpg	PkuXT8GSz9Y	\N	5.8370	5.0000	1	f	f	t	\N	2026-05-17 22:58:41.72126-05	2026-05-17 22:58:41.721284-05
4062	\N	Faces of Death	Faces of Death	faces-of-death	Una moderadora de un sitio web similar a YouTube, cuyo trabajo es eliminar contenido ofensivo y violento y que se está recuperando de un trauma, descubre que hay un grupo recreando los asesinatos de una película antigua. En una historia ambientada en la era digital y de la desinformación en línea, surge la pregunta: ¿son los asesinatos reales o falsos?	2026	120	PG-13	es	\N	https://image.tmdb.org/t/p/w600_and_h900_bestv2/glKgsnUSBAb1IRBE7nwmBi6y3P4.jpg	https://image.tmdb.org/t/p/original/qdyeQg2gWj1L8cDlwU3tI4s0Hub.jpg	bKiX2FBBz54	\N	5.2000	5.0000	1	f	f	t	\N	2026-05-17 22:58:35.510236-05	2026-05-17 22:58:35.510257-05
4064	\N	Wellwood	Wellwood	wellwood		2025	120	PG-13	es	\N	https://image.tmdb.org/t/p/w600_and_h900_bestv2/vRwzVKNHeeQ9srX6u2qsuflBozb.jpg	https://image.tmdb.org/t/p/original/903T5F2DUV2ve6YIkP92y9gKy95.jpg	-YPv-U8HL9k	\N	5.4000	4.0000	1	f	f	t	\N	2026-05-17 22:58:37.342674-05	2026-05-17 22:58:37.342691-05
4066	\N	Kraken	Kraken	kraken		2026	120	PG-13	es	\N	https://image.tmdb.org/t/p/w600_and_h900_bestv2/8ExwomWgJoXBdY3u1Otiw2zY9wZ.jpg	https://image.tmdb.org/t/p/original/oV472EbPedkc5QzqolGc7sCgCnn.jpg	EUTatY1-oBI	\N	5.9000	5.0000	1	f	f	t	\N	2026-05-17 22:58:39.570193-05	2026-05-17 22:58:39.570215-05
4065	\N	Worldbreaker	Worldbreaker	worldbreaker	Un padre esconde a su hija en una isla para mantenerla a salvo mientras la equipa para la supervivencia y las batallas que se avecinan.	2025	120	PG-13	es	\N	https://image.tmdb.org/t/p/w600_and_h900_bestv2/ahj1JU8r0uJv7QII5Uj7tKzbEsC.jpg	https://image.tmdb.org/t/p/original/gMItMzDOyrfQGZsMWRM9tdxq5cV.jpg	oJ960Hqz9DY	\N	5.9050	5.0000	1	f	f	t	\N	2026-05-17 22:58:38.459665-05	2026-05-17 22:58:38.45969-05
4077	\N	Backrooms: Sin Salida	Backrooms	backrooms-sin-salida	Una extraña puerta aparece en el sótano de una exposición de muebles. Cuando el paciente de una terapeuta desaparece en una dimensión más allá de la realidad, ella deberá adentrarse en lo desconocido para salvarlo.	2026	120	PG-13	es	\N	https://image.tmdb.org/t/p/w600_and_h900_bestv2/w8nrM9hCTxoeX96HmTQpC0HbkMY.jpg	https://image.tmdb.org/t/p/original/mCpwRayjXMFzKHbjbzc5JRKfq1O.jpg	wcfPJSp2PXk	\N	0.0000	0.0000	0	f	f	t	\N	2026-05-17 22:58:51.320941-05	2026-05-17 22:58:51.320964-05
4078	\N	Exit 8	８番出口	exit-8	Película basada en el videojuego de KOTAKE CREATE "The Exit 8", cuya premisa es que una persona anónima se encuentra en una estación de metro atrapada en un bucle en donde debe avanzar sólo cuando una anomalía no aparezca en su campo de visión... o volverá al inicio sin ser capaz de huir de ese lugar.	2025	120	PG-13	es	\N	https://image.tmdb.org/t/p/w600_and_h900_bestv2/mqlgMvy1d5jIbIE6SPlJq724htT.jpg	https://image.tmdb.org/t/p/original/3cVrg7tzSf5AgEecYWDOSAzXAeX.jpg	XelILeyMhjI	\N	6.6970	6.7000	379	f	f	t	\N	2026-05-17 22:58:52.028717-05	2026-05-17 22:58:52.028738-05
4079	\N	Psicosis	Psycho	psicosis	Una joven secretaria, tras cometer un robo, se marcha de la ciudad y conduce durante horas, parando para descansar en un pequeño motel de carretera regentado por un joven llamado Norman. Todo parece normal y tranquilo en el apartado motel y en la casa de al lado en la que viven Norman y su madre pero, mientras está en la ducha, la joven es asesinada salvajemente a cuchilladas.	1960	120	PG-13	es	\N	https://image.tmdb.org/t/p/w600_and_h900_bestv2/xFbnc2QPG5H5gYWsGbZT4q8Akya.jpg	https://image.tmdb.org/t/p/original/mufF1aYvwdpKerhq5R1YrVcbJLY.jpg	D90QhegiVvo	\N	8.4140	8.4000	10971	f	f	t	\N	2026-05-17 22:58:53.140887-05	2026-05-17 22:58:53.140913-05
4080	\N	La guerra de los mundos	War of the Worlds	la-guerra-de-los-mundos	Will Radford, un destacado analista de ciberseguridad, pasa sus días rastreando posibles amenazas a la seguridad nacional a través de un programa de vigilancia masiva. Un ataque de una entidad desconocida le lleva a cuestionarse si el gobierno le está ocultando algo a él... y al resto del mundo.	2025	120	PG-13	es	\N	https://image.tmdb.org/t/p/w600_and_h900_bestv2/fjgSlNGECNgVeMJaOdDAXmGh7ZM.jpg	https://image.tmdb.org/t/p/original/iZLqwEwUViJdSkGVjePGhxYzbDb.jpg	d9erkpdh5o0	\N	4.1300	4.1000	987	f	f	t	\N	2026-05-17 22:58:54.61992-05	2026-05-17 22:58:54.619946-05
4081	\N	Avengers: Los Vengadores	The Avengers	avengers-los-vengadores	Cuando un enemigo inesperado surge como una gran amenaza para la seguridad mundial, Nick Fury, director de la Agencia SHIELD, decide reclutar a un equipo para salvar al mundo de un desastre casi seguro. Adaptación del cómic de Marvel "Los Vengadores", el legendario grupo de superhéroes formado por Ironman, Hulk, Thor y el Capitán América entre otros.	2012	120	PG-13	es	\N	https://image.tmdb.org/t/p/w600_and_h900_bestv2/ay29o6P7HWTSMoKVVI3xgRHiRkC.jpg	https://image.tmdb.org/t/p/original/9BBTo63ANSmhC4e6r62OJFuK2GL.jpg	yNXfOOL8824	\N	8.0250	8.0000	37859	f	f	t	\N	2026-05-17 22:58:55.34126-05	2026-05-17 22:58:55.341283-05
4082	\N	Máquina de guerra	War Machine	maquina-de-guerra	En su última misión de entrenamiento, un ingeniero de combate debe liderar a su unidad en una lucha por sobrevivir ante una amenaza inimaginable.	2026	120	PG-13	es	\N	https://image.tmdb.org/t/p/w600_and_h900_bestv2/SPGBZj12OVOCZdYJVPIJcpOYvZ.jpg	https://image.tmdb.org/t/p/original/6yeVcxFR0j08vlv2OlL6zbewm4D.jpg	swBvizspN1E	\N	7.2960	7.3000	1702	f	f	t	\N	2026-05-17 22:58:56.057335-05	2026-05-17 22:58:56.057357-05
4083	\N	Avengers: Infinity War	Avengers: Infinity War	avengers-infinity-war	Los Vengadores y sus aliados deben estar dispuestos a sacrificarlo todo para intentar derrotar al poderoso Thanos antes de que su ataque de devastación y ruina ponga fin al universo.	2018	120	PG-13	es	\N	https://image.tmdb.org/t/p/w600_and_h900_bestv2/ksBQ4oHQDdJwND8H90ay8CbMihU.jpg	https://image.tmdb.org/t/p/original/mDfJG3LC3Dqb67AZ52x3Z0jU0uB.jpg	aAoKqx9wb1I	\N	8.2340	8.2000	31927	f	f	t	\N	2026-05-17 22:58:56.780353-05	2026-05-17 22:58:56.780375-05
4084	\N	Matrix	The Matrix	matrix	Un hacker informático aprende de misteriosos rebeldes la verdadera naturaleza de su realidad y su papel en la guerra contra sus controladores.	1999	120	PG-13	es	\N	https://image.tmdb.org/t/p/w600_and_h900_bestv2/iTeyYMmNqukMzJJyEz0LkD85dQU.jpg	https://image.tmdb.org/t/p/original/tlm8UkiQsitc8rSuIAscQDCnP8d.jpg	d0XTFAMmhrE	\N	8.2450	8.2000	27839	f	f	t	\N	2026-05-17 22:58:57.92128-05	2026-05-17 22:58:57.9213-05
4085	\N	El Origen	Inception	el-origen	Dom Cobb es un ladrón de secretos que se sumerge en los sueños de otros para extraer información. Para redimirse, debe implantar una idea en lugar de extraerla. En un viaje de sueños dentro de sueños, lucha por la redención mientras se enfrenta a sus propios demonios.	2010	120	PG-13	es	\N	https://image.tmdb.org/t/p/w600_and_h900_bestv2/xgPGDEKkBrXhPaNmwIlf8e2RCMk.jpg	https://image.tmdb.org/t/p/original/8ZTVqvKDQ8emSGUEMjsS4yHAwrp.jpg	cdx31ak4KbQ	\N	8.3720	8.4000	39200	f	f	t	\N	2026-05-17 22:58:59.083546-05	2026-05-17 22:58:59.083573-05
4086	\N	Exterminio: El templo de huesos	28 Years Later: The Bone Temple	exterminio-el-templo-de-huesos	El Dr. Kelson se encuentra en una nueva relación impactante, con consecuencias que podrían cambiar el mundo tal como lo conocen, y el encuentro de Spike con Jimmy Crystal se convierte en una pesadilla de la que no puede escapar.	2026	120	PG-13	es	\N	https://image.tmdb.org/t/p/w600_and_h900_bestv2/6yUxfwcDYR0RRfbxwGA7rhwreWU.jpg	https://image.tmdb.org/t/p/original/hHDNOlATHhre4eZ7aYz5cdyJLik.jpg	rYawDt9CgVg	\N	7.1310	7.1000	1180	f	f	t	\N	2026-05-17 22:58:59.82149-05	2026-05-17 22:58:59.821512-05
4087	\N	Star Wars: The Mandalorian and Grogu	Star Wars: The Mandalorian and Grogu	star-wars-the-mandalorian-and-grogu	Continuación de la serie "The Mandalorian" en forma de película. El malvado Imperio ha caído y los señores de la guerra imperiales siguen dispersos por toda la galaxia. Mientras la incipiente Nueva República trabaja para proteger todo por lo que luchó la Rebelión, ha reclutado la ayuda del legendario cazarrecompensas mandaloriano Din Djarin (Pedro Pascal) y su joven aprendiz Grogu.	2026	120	PG-13	es	\N	https://image.tmdb.org/t/p/w600_and_h900_bestv2/sSRaYCfsxgL8LWeBQOO4Syd5BQJ.jpg	https://image.tmdb.org/t/p/original/7OedxK0BvSKJ0ZWCPRYADViTBx6.jpg	z8rhB_nc0wM	\N	8.5000	8.5000	4	f	f	t	\N	2026-05-17 22:59:00.5115-05	2026-05-17 22:59:00.511523-05
4088	\N	Instinto Implacable	Protector	instinto-implacable	La vida pacífica de Nikki, ex heroína de guerra, se ve destrozada cuando su hija es secuestrada por una red siniestra de tráfico sexual. Inmersa en el submundo criminal, mientras es perseguida por la policía y el ejército, ella debe luchar por cualquier medio posible para rescatar a su hija.	2026	120	PG-13	es	\N	https://image.tmdb.org/t/p/w600_and_h900_bestv2/Awvlydvag364audeksfRFldVslq.jpg	https://image.tmdb.org/t/p/original/vpuPY4UziUCxv7gYYoaZQ3LX7to.jpg	mhZw9rNI3Nw	\N	6.3550	6.4000	55	f	f	t	\N	2026-05-17 22:59:01.647664-05	2026-05-17 22:59:01.647685-05
4089	\N	Francotirador: Sin Nación	Sniper: No Nation	francotirador-sin-nacion	Cuando el francotirador Brandon Beckett es tachado de terrorista, se ve obligado a desaparecer y embarcarse en una misión de rescate imposible junto a su legendario padre.	2026	120	PG-13	es	\N	https://image.tmdb.org/t/p/w600_and_h900_bestv2/xEkJx9RSWiUrIf42AgFGBOdnKzw.jpg	https://image.tmdb.org/t/p/original/7lizs4SuEU2ihkkAa0SZ66NtHbl.jpg	-smVu1cxPm8	\N	6.4570	6.5000	47	f	f	t	\N	2026-05-17 22:59:03.952938-05	2026-05-17 22:59:03.95296-05
4090	\N	En La Zona Gris	In the Grey	en-la-zona-gris	Gira en torno a dos especialistas en extracción que tienen que designar una ruta de escape para una negociadora de alto rango.	2026	120	PG-13	es	\N	https://image.tmdb.org/t/p/w600_and_h900_bestv2/yfgquGqeT6DtdsIzPPzTLRABBy0.jpg	https://image.tmdb.org/t/p/original/90WhwOuABgkRkUmhSK1fY8vBOvq.jpg	1H3Oy4lZef0	\N	6.6000	6.6000	29	f	f	t	\N	2026-05-17 22:59:04.636194-05	2026-05-17 22:59:04.636214-05
4091	\N	Culpa mía	Culpa mía	culpa-mia	Noah debe dejar su ciudad, novio y amigos para mudarse a la mansión del nuevo marido de su madre. Allí conoce a su nuevo hermanastro Nick y sus personalidades chocan desde el primer momento. Pero la atracción que sienten les llevará a vivir una relación prohibida, donde el carácter rebelde y atormentado de cada uno de ellos pondrá del revés sus mundos haciendo que acaben perdidamente enamorados. Adaptación del primer libro de la trilogía "Culpables" de Mercedes Ron.	2023	120	PG-13	es	\N	https://image.tmdb.org/t/p/w600_and_h900_bestv2/gp31EwMH5D2bftOjscwkgTmoLAB.jpg	https://image.tmdb.org/t/p/original/oz4U9eA6ilYf1tyiVuGmkftdLac.jpg	xY-qRGC6Yu0	\N	7.7400	7.7000	4055	f	f	t	\N	2026-05-17 22:59:05.69814-05	2026-05-17 22:59:05.698159-05
4092	\N	Exposé	Exposé	expose		1976	120	PG-13	es	\N	https://image.tmdb.org/t/p/w600_and_h900_bestv2/7bEV13lR9QrVTpx7RVYk3ea1hkR.jpg	https://image.tmdb.org/t/p/original/pzt8pTRDtkNcaXLPaO92KEtCD4B.jpg	ebZjVOJ_EOE	\N	4.9510	5.0000	41	f	f	t	\N	2026-05-17 22:59:06.827664-05	2026-05-17 22:59:06.827686-05
4093	\N	Parásitos	기생충	parasitos	Tanto Gi Taek como su familia están sin trabajo. Cuando su hijo mayor, Gi Woo, empieza a recibir clases particulares en casa de Park, las dos familias, que tienen mucho en común pese a pertenecer a dos mundos totalmente distintos, comienzan una interrelación de resultados impresivibles.	2019	120	PG-13	es	\N	https://image.tmdb.org/t/p/w600_and_h900_bestv2/4N55tgxDW0RRATyrZHbx0q9HUKv.jpg	https://image.tmdb.org/t/p/original/TU9NIjwzjoKPwQHoHshkFcQUCG.jpg	broPd_xWuTw	\N	8.4940	8.5000	20591	f	f	t	\N	2026-05-17 22:59:07.466802-05	2026-05-17 22:59:07.466816-05
4094	\N	Lindas y Letales	Pretty Lethal	lindas-y-letales	Un thriller lleno de acción en el que cinco bailarinas varadas en un bosque remoto de camino a una competencia de baile se refugian en una inquietante posada dirigida por Devora Kasimer y deben convertir su entrenamiento de élite en un arma para sobrevivir.	2026	120	PG-13	es	\N	https://image.tmdb.org/t/p/w600_and_h900_bestv2/cmZqxJQ9MdNQEoD49HYghOXsiwH.jpg	https://image.tmdb.org/t/p/original/z3bzhmC0CPikWeerUkLO73YvGrC.jpg	QgXlhwjMBJw	\N	6.7320	6.7000	360	f	f	t	\N	2026-05-17 22:59:08.176618-05	2026-05-17 22:59:08.176642-05
4095	\N	La Cacería	The Hunt	la-caceria	Doce desconocidos despiertan en el claro de un bosque. No se conocen, pero tienen algo en común: un grupo de millonarios los ha elegido para divertirse cazándolos como si fueran animales salvajes. No obstante, algunos venderán cara su piel.	2020	120	PG-13	es	\N	https://image.tmdb.org/t/p/w600_and_h900_bestv2/5WCuPRfa0h8jMT4Iu2jIIQXqllM.jpg	https://image.tmdb.org/t/p/original/evo3crueRIK9Eutb3lnDLVbD2xD.jpg	xoWmwsPU5cQ	\N	6.6000	6.6000	3629	f	f	t	\N	2026-05-17 22:59:09.269667-05	2026-05-17 22:59:09.269693-05
4096	\N	Irreversible	Irréversible	irreversible	Una noche en París, Alex es brutalmente violada y golpeada por un extraño en el paso subterráneo. Entonces su novio y su ex amante toman el asunto en sus propias manos al contratar a dos delincuentes para encontrar al violador y poder vengarse. La película se desarrolla en orden cronológico inverso.	2002	120	PG-13	es	\N	https://image.tmdb.org/t/p/w600_and_h900_bestv2/a6HvMOj2lVYnzqaNY6cX2hoCCXz.jpg	https://image.tmdb.org/t/p/original/xV1EfNSEg6id6juJPr1vM6p9x5X.jpg	e9D7hvIwgj4	\N	7.1830	7.2000	3278	f	f	t	\N	2026-05-17 22:59:10.396842-05	2026-05-17 22:59:10.396862-05
4097	\N	El Club de la Pelea	Fight Club	el-club-de-la-pelea	Un hombre consumido por el insomnio y una vida sin sentido conoce a Tyler Durden, un carismático anarquista que lo arrastra a un club secreto donde el dolor despierta algo dormido. Lo que comienza como liberación pronto se convierte en una guerra contra el sistema…	1999	120	PG-13	es	\N	https://image.tmdb.org/t/p/w600_and_h900_bestv2/bI0BhpswEApC0B17RhLZtRVPZiQ.jpg	https://image.tmdb.org/t/p/original/xRyINp9KfMLVjRiO5nCsoRDdvvF.jpg	R7aiJtcJ0AQ	\N	8.4380	8.4000	31986	f	f	t	\N	2026-05-17 22:59:11.137775-05	2026-05-17 22:59:11.137801-05
4098	\N	El Último Conquistador	Rise of the Conqueror	el-ultimo-conquistador	Mientras el Imperio Mongol se desmorona, un guerrero marcado por la guerra enfrenta su destino y rompe lealtades para proteger el futuro de la Ruta de la Seda.	2026	120	PG-13	es	\N	https://image.tmdb.org/t/p/w600_and_h900_bestv2/615WsMjiK76xBzW6zQNaPjgvnpP.jpg	https://image.tmdb.org/t/p/original/9gWrxuOJeArUbvnqrZALSjhPv9Y.jpg	a1xSbllpMDE	\N	6.3000	6.3000	11	f	f	t	\N	2026-05-17 22:59:12.718433-05	2026-05-17 22:59:12.718447-05
4099	\N	La Lista de Schindler	Schindler's List	la-lista-de-schindler	La emotiva y desgarradora historia real de Oskar Schindler, un empresario alemán que, durante el Holocausto, emplea a judíos en su fábrica para salvarlos del exterminio nazi, mostrando cómo un acto de compasión puede desafiar el horror y la barbarie.	1993	120	PG-13	es	\N	https://image.tmdb.org/t/p/w600_and_h900_bestv2/3Ho0pXsnMxpGJWqdOi0KDNdaTkT.jpg	https://image.tmdb.org/t/p/original/zb6fM1CX41D9rF9hdgclu0peUmy.jpg	v0RB-3sWbBA	\N	8.5680	8.6000	17424	f	f	t	\N	2026-05-17 22:59:13.818419-05	2026-05-17 22:59:13.81844-05
4100	\N	Troya	Troy	troya	Paris, hijo de Príamo y príncipe de Troya, rapta a Helena, esposa de Menelao, el rey de Esparta, lo que desencadena la Guerra de Troya, en la que se enfrentan griegos y troyanos. El ejército griego asedió la ciudad de Troya durante más de diez años. Aquiles era el gran héroe de los griegos, mientras Héctor, el hijo mayor de Príamo, el rey de Troya, representaba la única esperanza de salvación para la ciudad.	2004	120	PG-13	es	\N	https://image.tmdb.org/t/p/w600_and_h900_bestv2/mBiDQT28DnuYaJSL4nDD43ORE6p.jpg	https://image.tmdb.org/t/p/original/d3z8MH9OvTOOSxy5QwAG0cS6GKU.jpg	6FG3BfPuwBA	\N	7.1710	7.2000	11020	f	f	t	\N	2026-05-17 22:59:14.91129-05	2026-05-17 22:59:14.911316-05
4101	\N	Cruzada	Kingdom of Heaven	cruzada	Balian de Ibelin, un herrero francés se convierte en caballero durante las Cruzadas. En Tierra Santa, lucha por la paz y la justicia en medio del conflicto entre cristianos y musulmanes por el control de Jerusalén. Una historia épica de coraje, redención y sacrificio en medio del caos de la guerra.	2005	120	PG-13	es	\N	https://image.tmdb.org/t/p/w600_and_h900_bestv2/9RAdZn1pfRkeVSDwngvIQKsZd2Z.jpg	https://image.tmdb.org/t/p/original/kP8rK9dGS1pr0HrnmXfIi2heWjo.jpg	6Z2wGCZ2fSM	\N	7.0310	7.0000	4924	f	f	t	\N	2026-05-17 22:59:16.00296-05	2026-05-17 22:59:16.002979-05
4102	\N	Bastardos sin gloria	Inglourious Basterds	bastardos-sin-gloria	Segunda Guerra Mundial (1939-1945). En la Francia ocupada por los alemanes, Shosanna Dreyfus presencia la ejecución de su familia por orden del coronel Hans Landa. Después de huir a París, adopta una nueva identidad como propietaria de un cine. En otro lugar de Europa, el teniente Aldo Raine adiestra a un grupo de soldados judíos (“The Basterds”) para atacar objetivos concretos. Los hombres de Raine y una actriz alemana, que trabaja para los aliados, deben llevar a cabo una misión para hacer caer a los jefes del Tercer Reich. El destino quiere que todos se encuentren bajo la marquesina de un cine donde Shosanna espera para vengarse.	2009	120	PG-13	es	\N	https://image.tmdb.org/t/p/w600_and_h900_bestv2/zO4RPoYUv8S0na2K1Sff9wU3Sg2.jpg	https://image.tmdb.org/t/p/original/hwNtEmmugU5Yd7hpfprNWI0DGIn.jpg	X7bMbkybH_k	\N	8.2170	8.2000	24128	f	f	t	\N	2026-05-17 22:59:17.600166-05	2026-05-17 22:59:17.600186-05
4005	\N	Robot salvaje	The Wild Robot	robot-salvaje	Un robot - ROZZUM unidad 7134, "Roz" para abreviar - naufraga en una isla deshabitada y debe aprender a adaptarse al duro entorno, estableciendo gradualmente relaciones con los animales de la isla y convirtiéndose en la madre adoptiva de un ganso huérfano.	2024	120	PG-13	es	\N	https://image.tmdb.org/t/p/w600_and_h900_bestv2/cYMihyFZreVBn8x6KnyPY4ea0HX.jpg	https://image.tmdb.org/t/p/original/mQZJoIhTEkNhCYAqcHrQqhENLdu.jpg	nLLx_VCR3QE	\N	8.3070	5.0000	1	f	f	t	\N	2026-05-17 22:57:34.561685-05	2026-05-17 22:57:34.561696-05
4103	\N	Sisu: Camino a la venganza	Sisu 2	sisu-camino-a-la-venganza	En plena Segunda Guerra Mundial, un hombre conocido como "el hombre que se niega a morir" regresa a la casa donde su familia fue brutalmente asesinada. Con determinación, desmantela la casa, la carga en un camión y se propone reconstruirla en un lugar seguro en honor a sus seres queridos. Cuando el comandante del Ejército Rojo responsable de la masacre regresa decidido a eliminarlo, se desata una implacable y espectacular persecución a través del país. La película está llena de escenas de acción trepidantes y una lucha a muerte, reafirmando la leyenda de un guerrero solitario que no se detiene ante nada ni nadie. "Sisu: Camino a la venganza" es una secuela de la exitosa "Sisu" (2022) y combina aventura, acción y drama de guerra con influencias de Indiana Jones y James Bond bajo la dirección de Jalmari Helander.	2025	120	PG-13	es	\N	https://image.tmdb.org/t/p/w600_and_h900_bestv2/mM92ShBRS17LdUemUY2ca79EyMo.jpg	https://image.tmdb.org/t/p/original/yCatt8lmp3oRFEcOZF8KHhsiASQ.jpg	Vs_dkgvjJUc	\N	7.2990	7.3000	739	f	f	t	\N	2026-05-17 22:59:18.338374-05	2026-05-17 22:59:18.338398-05
4104	\N	Rescatando al soldado Ryan	Saving Private Ryan	rescatando-al-soldado-ryan	Segunda Guerra Mundial, 1944. Tras el desembarco de los Aliados en Normandía, a un grupo de soldados americanos se le encomienda una peligrosa misión: poner a salvo al soldado James Ryan. Los hombres de la patrulla del capitán John Miller deben arriesgar sus vidas para encontrar a este soldado, cuyos tres hermanos han muerto en la guerra. Lo único que se sabe del soldado Ryan es que se lanzó con su escuadrón de paracaidistas detrás de las líneas enemigas.	1998	120	PG-13	es	\N	https://image.tmdb.org/t/p/w600_and_h900_bestv2/yfExW9uPK4idbUDjRGBlXLbMxRR.jpg	https://image.tmdb.org/t/p/original/bdD39MpSVhKjxarTxLSfX6baoMP.jpg	y4SA9yUDgW8	\N	8.2230	8.2000	17173	f	f	t	\N	2026-05-17 22:59:19.405096-05	2026-05-17 22:59:19.405118-05
4105	\N	Corazones De Hierro	Fury	corazones-de-hierro	Abril de 1945, la guerra está a punto de acabar. Al mando del veterano sargento Wardaddy (Brad Pitt), una brigada de cinco soldados americanos a bordo de un tanque -el Fury- ha de luchar contra un ejército nazi al borde de la desesperación, pues los alemanes saben que su derrota estaba ya cantada por aquel entonces.	2014	120	PG-13	es	\N	https://image.tmdb.org/t/p/w600_and_h900_bestv2/vTULyjAOOKZljr2iU8Ct63prPF7.jpg	https://image.tmdb.org/t/p/original/95ckrV6wQgbffurAVmETQ5YKASL.jpg	09w9MTtZDEM	\N	7.5440	7.5000	12896	f	f	t	\N	2026-05-17 22:59:20.447553-05	2026-05-17 22:59:20.44757-05
4106	\N	Hasta el Último Hombre	Hacksaw Ridge	hasta-el-ultimo-hombre	La historia de Desmond T. Doss, quien, debido a que se lo prohibía su fe, combatió en la Segunda Guerra Mundial sin portar un arma. No disparó ni una bala, pero salvó a 75 personas de la muerte en la batalla de la isla de Okinawa.	2016	120	PG-13	es	\N	https://image.tmdb.org/t/p/w600_and_h900_bestv2/m3jj8IJ7uP5p4MqMzgtGW5l4ECd.jpg	https://image.tmdb.org/t/p/original/vDKRMZGFTKP9nQolzeSB1rB1w6p.jpg	s2-1hz1juBI	\N	8.1890	8.2000	14816	f	f	t	\N	2026-05-17 22:59:21.462627-05	2026-05-17 22:59:21.462647-05
4107	\N	El código enigma	The Imitation Game	el-codigo-enigma	Durante el invierno de 1952, las autoridades británicas entraron en el hogar del matemático, analista y héroe de guerra Alan Turing, con la intención de investigar la denuncia de un robo. Al final acabaron arrestando a Turing acusándole de “indecencia grave”, un cargo que le supondría una devastadora condena por una ofensa criminal, ser homosexual. Los oficiales no tenían ni idea de que en realidad estaban incriminando al pionero de la informática actual.  Liderando a un heterogéneo grupo de académicos, lingüistas, campeones de ajedrez y oficiales de inteligencia, se le conoce por haber descifrado el código de la inquebrantable máquina Enigma de los alemanes durante la Segunda Guerra Mundial.	2014	120	PG-13	es	\N	https://image.tmdb.org/t/p/w600_and_h900_bestv2/ctgJSUcKEiWgOT9anDIetClLOKN.jpg	https://image.tmdb.org/t/p/original/4vf5Fv6OVXXrNqEXqiJnWxnNSyV.jpg	694Gt_c4X7w	\N	7.9840	8.0000	18055	f	f	t	\N	2026-05-17 22:59:22.186152-05	2026-05-17 22:59:22.186174-05
4108	\N	El Bueno, El Malo y El Feo	Il buono, il brutto, il cattivo	el-bueno-el-malo-y-el-feo	Durante la rabia de la Guerra civil americana entre la Unión y la Confederación, tres hombres, “una persona solitaria tranquila, un asesino a sueldo despiadado y un bandido mexicano, peinan el territorio americano hacia el Sudoeste en busca de una caja fuerte que contiene $200,000 en el oro robado.	1966	120	PG-13	es	\N	https://image.tmdb.org/t/p/w600_and_h900_bestv2/3bUjYCio7QXDXWvygVCcKjJrUsd.jpg	https://image.tmdb.org/t/p/original/Adrip2Jqzw56KeuV2nAxucKMNXA.jpg	WCnRSl24FPA	\N	8.4680	8.5000	9612	f	f	t	\N	2026-05-17 22:59:23.835414-05	2026-05-17 22:59:23.835434-05
4109	\N	Sin lugar para los débiles	No Country for Old Men	sin-lugar-para-los-debiles	Un cazador de tesoros se encuentra en una espiral de violencia después de tropezar con una bolsa de dinero en medio del desierto texano. Perseguido por un despiadado asesino, se desencadena una serie de eventos mortales que ponen a prueba su astucia y su supervivencia en un juego donde cada decisión tiene consecuencias letales.	2007	120	PG-13	es	\N	https://image.tmdb.org/t/p/w600_and_h900_bestv2/wvi8k5fqjvVqTD573YX9eRLRo0F.jpg	https://image.tmdb.org/t/p/original/gddUsvfyySrM5k8B8wwJy2VRlBx.jpg	A0oNrgumrlE	\N	7.9490	7.9000	13271	f	f	t	\N	2026-05-17 22:59:24.864042-05	2026-05-17 22:59:24.864059-05
4110	\N	Érase una vez en el Oeste	C'era una volta il West	erase-una-vez-en-el-oeste	Mientras los constructores del ferrocarril avanzan imparables por el desierto de Arizona en su camino hacia el mar, Jill llega al pequeño pueblo de Flagstone con la intención de empezar una nueva vida.	1968	120	PG-13	es	\N	https://image.tmdb.org/t/p/w600_and_h900_bestv2/mjpBEYcB0SjBmysIEIO44YnEG87.jpg	https://image.tmdb.org/t/p/original/h31SOVlekuHXsMWVGxI8nPPfY82.jpg	Yw-Av9BpC-w	\N	8.2730	8.3000	4884	f	f	t	\N	2026-05-17 22:59:25.89996-05	2026-05-17 22:59:25.899978-05
4111	\N	Django sin Cadenas	Django Unchained	django-sin-cadenas	En Texas, dos años antes de estallar la Guerra Civil Americana, King Schultz, un cazarrecompensas alemán que sigue la pista a unos asesinos para cobrar por sus cabezas, le promete al esclavo negro Django dejarlo en libertad si le ayuda a atraparlos. Él acepta, pues luego quiere ir a buscar a su esposa Broomhilda, esclava en una plantación del terrateniente Calvin Candie.	2012	120	PG-13	es	\N	https://image.tmdb.org/t/p/w600_and_h900_bestv2/jhuwS5KzaB7jrX74YCm1iHTDntq.jpg	https://image.tmdb.org/t/p/original/2oZklIzUbvZXXzIFzv7Hi68d6xf.jpg	_iH0UBYDI4g	\N	8.1910	8.2000	27977	f	f	t	\N	2026-05-17 22:59:26.983761-05	2026-05-17 22:59:26.983778-05
4112	\N	Oscar Shaw	Oscar Shaw	oscar-shaw	Tras retirarse de la policía, un implacable detective atormentado por la trágica pérdida de su mejor amigo emprende una peligrosa búsqueda de venganza, buscando la redención y luchando también por devolver la justicia a las calles que una vez juró proteger.	2026	120	PG-13	es	\N	https://image.tmdb.org/t/p/w600_and_h900_bestv2/tsE3nySukwrfUjouz8vzvKTcXNC.jpg	https://image.tmdb.org/t/p/original/6D6M5z4reppUxo2cnBEKI02Csp1.jpg	ZMlCJQ2SefU	\N	6.6450	6.6000	31	f	f	t	\N	2026-05-17 22:59:28.105494-05	2026-05-17 22:59:28.105515-05
4113	\N	Revenant: El renacido	The Revenant	revenant-el-renacido	Un fronterizo en una expedición de comercio de pieles en la década de 1820 lucha por la supervivencia después de haber sido atacado por un oso y dejado por muerto por los miembros de su propio equipo de caza.	2015	120	PG-13	es	\N	https://image.tmdb.org/t/p/w600_and_h900_bestv2/xDWCJg0Ax29j5D5CM5c5suLKPLJ.jpg	https://image.tmdb.org/t/p/original/mNQtUJv1F3u0uSKILFrGjIHqkxx.jpg	EhffABvfAW0	\N	7.5410	7.5000	19275	f	f	t	\N	2026-05-17 22:59:29.220833-05	2026-05-17 22:59:29.220854-05
4114	\N	Rango	Rango	rango	Rango es un camaleón ordinario que accidentalmente acaba en la ciudad de Dirt, un pueblo sin ley en el Salvaje Oeste que necesita desesperadamente un nuevo sheriff.	2011	120	PG-13	es	\N	https://image.tmdb.org/t/p/w600_and_h900_bestv2/99Dpm7Ep8OelbNyEVBlln50EHGj.jpg	https://image.tmdb.org/t/p/original/mOtKQlXdL5J4lwqcSFlkZmgmFeZ.jpg	wIKG4s_uSRg	\N	6.8930	6.9000	7075	f	f	t	\N	2026-05-17 22:59:30.289847-05	2026-05-17 22:59:30.289871-05
4115	\N	Amor Redentor	Redeeming Love	amor-redentor	Situada en la Nueva Inglaterra de 1835, la trama sigue la historia de Angela, una pequeña que fue rechazada por su padre debido a que fue producto de una aventura adultera con su madre Mae. Desde entonces, la chica se sintió culpable de la depresión de su madre y de su propio abandono, creciendo con un evidente odio hacia los hombres, todos ellos obsesionados por la fiebre de oro de la época. En su adolescencia, Angela tuvo que venderse a la prostitución para tener un lugar donde dormir y en medio de ese odio, conoce a Michael Hosea, un hombre piadoso que parece cruzar su camino con Angela para conducirla al amor redentor de Dios, desafiando, día a día, las amargas expectativas y resistencia de ella, quien no parece creer que merece algo más en la vida, algo que pueda hacerla verdaderamente feliz.	2022	120	PG-13	es	\N	https://image.tmdb.org/t/p/w600_and_h900_bestv2/vBpxJkFsfSjghmrizJr5xhQyACQ.jpg	https://image.tmdb.org/t/p/original/lD8dFIk9wDEvOwZw0RB47e346io.jpg	NJSjS36Pgx8	\N	7.8300	7.8000	742	f	f	t	\N	2026-05-17 22:59:31.38693-05	2026-05-17 22:59:31.386954-05
4116	\N	Los 8 Más Odiados	The Hateful Eight	los-8-mas-odiados	Pocos años después de la Guerra de Secesión, una diligencia avanza por el invernal paisaje de Wyoming. Los pasajeros, el cazarrecompensas John Ruth y su fugitiva Daisy Domergue, intentan llegar al pueblo de Red Rock, donde Ruth entregará a Domergue a la justicia. Por el camino, se encuentran con dos desconocidos: el mayor Marquis Warren, un antiguo soldado de la Unión convertido en cazarrecompensas de mala reputación, y Chris Mannix, un renegado sureño que afirma ser el nuevo sheriff del pueblo. Como se aproxima una ventisca, los cuatro se refugian en la Mercería de Minnie, una parada para diligencias de un puerto de montaña. Cuando llegan al local se topan con cuatro rostros desconocidos: el mexicano Bob, Oswaldo Mobray, verdugo de Red Rock, el vaquero Joe Gage y el general confederado Sanford Smithers.	2015	120	PG-13	es	\N	https://image.tmdb.org/t/p/w600_and_h900_bestv2/90Sjk5WyUtYuBzE9pynSUSNgKLP.jpg	https://image.tmdb.org/t/p/original/7g1zO5t0bd27Iqn5ZUDJmksOGPJ.jpg	hg6aPgJCEQo	\N	7.7560	7.8000	15241	f	f	t	\N	2026-05-17 22:59:32.076724-05	2026-05-17 22:59:32.076746-05
4117	\N	Spirit: El corcel indomable	Spirit: Stallion of the Cimarron	spirit-el-corcel-indomable	Sigue las aventuras de un corcel salvaje e ingobernable que recorre la indómita frontera norteamericana. Cuando encuentra a un hombre por primera vez, un joven de la tribu de los Lakota llamado Little Creek, Spirit se niega a dejarse domar por él pero sí se hace amigo suyo. El valiente corcel también encuentra el amor con una hermosa yegua llamada Rain. Spirit se convertirá en uno de los grandes héroes anónimos del Viejo Oeste.	2002	120	PG-13	es	\N	https://image.tmdb.org/t/p/w600_and_h900_bestv2/gNRQdU3KEsYTIl4y9Xte3onUSsx.jpg	https://image.tmdb.org/t/p/original/b8hPBW0NJmiIVzvQjT3CwIpAdzl.jpg	4UzmHsy4u8s	\N	7.6870	7.7000	4879	f	f	t	\N	2026-05-17 22:59:33.207147-05	2026-05-17 22:59:33.207168-05
4118	\N	Los imperdonables	Unforgiven	los-imperdonables	William Munny es un pistolero retirado, viudo y padre de familia, que tiene dificultades económicas para sacar adelante a su hijos. Su única salida es hacer un último trabajo. En compañía de un viejo colega y de un joven inexperto, Munny tendrá que matar a dos hombres que cortaron la cara a una prostituta.	1992	120	PG-13	es	\N	https://image.tmdb.org/t/p/w600_and_h900_bestv2/dGw0IoLvJwRvm3CYOxP3PGrP1aX.jpg	https://image.tmdb.org/t/p/original/rvRGFevvZK48onX0PYI1eQLbuJd.jpg	amE57OniG9Y	\N	7.9090	7.9000	4936	f	f	t	\N	2026-05-17 22:59:34.399648-05	2026-05-17 22:59:34.399669-05
4119	\N	Tayuan 2	Tayuan 2	tayuan-2		2026	120	PG-13	es	\N	https://image.tmdb.org/t/p/w600_and_h900_bestv2/gkHNa8q3RNhgj2EMuoYWJUHsMa6.jpg	https://image.tmdb.org/t/p/original/jAJYVbVR5fP0BeTQXRP1BXjW5bl.jpg	1c-0boR4bq8	\N	4.6670	4.7000	6	f	f	t	\N	2026-05-17 22:59:36.744833-05	2026-05-17 22:59:36.744854-05
4120	\N	Rita	Rita	rita		2024	120	PG-13	es	\N	https://image.tmdb.org/t/p/w600_and_h900_bestv2/grIFQLXXwQmjvYYfXVXCgGTMUWw.jpg	https://image.tmdb.org/t/p/original/5AsIFZ2AJC7JcGpq40aRPuRuaRc.jpg	5tuL8hUpQyk	\N	6.0450	6.0000	22	f	f	t	\N	2026-05-17 22:59:37.875289-05	2026-05-17 22:59:37.875312-05
4121	\N	Apocalypto	Apocalypto	apocalypto	Después de que su aldea sea atacada y su familia capturada por un grupo de guerreros, Garra Jaguar debe luchar por su supervivencia mientras es perseguido a través de la selva. La película muestra su valiente lucha por sobrevivir y reunirse con su esposa e hijo, mientras enfrenta peligros y desafíos en un viaje lleno de acción y suspenso.	2006	120	PG-13	es	\N	https://image.tmdb.org/t/p/w600_and_h900_bestv2/yQ4uC13IYVerbxMMXeSogSQUkOT.jpg	https://image.tmdb.org/t/p/original/nnmbJvYyDS1VkMOCbxSpdBi3WbJ.jpg	gSw5l5jMnPM	\N	7.6140	7.6000	6288	f	f	t	\N	2026-05-17 22:59:40.4847-05	2026-05-17 22:59:40.484726-05
4122	\N	After: Almas Perdidas	After We Fell	after-almas-perdidas	Cuando Tessa toma la decisión más importante de su vida, todo cambia. Los secretos que salen a la luz sobre su familia, y también sobre la de Hardin, ponen en peligro su relación y su futuro juntos. La vida de Tessa empieza a desmoronarse, nada es como ella creía que sería. Nunca ha sentido algo así por nadie, pero empieza a cuestionarse si vale la pena. Antes el amor bastaba para mantenerlos juntos, pero ahora ya no está claro lo que dictan sus corazones...	2021	120	PG-13	es	\N	https://image.tmdb.org/t/p/w600_and_h900_bestv2/cAvUp7ngPyuhx1nLjmCOTCBNo91.jpg	https://image.tmdb.org/t/p/original/mxdiaM2tsx8M6W3zLgiPwAkhQfq.jpg	NYdNN6C9hfI	\N	7.0030	7.0000	2732	f	f	t	\N	2026-05-17 22:59:43.545139-05	2026-05-17 22:59:43.54516-05
4123	\N	F1 la película	F1	f1-la-pelicula	El piloto legendario Sonny Hayes es convencido de salir de su retiro para liderar a un equipo de la Fórmula 1 en dificultades y ser mentor de un joven piloto talentoso, mientras se busca una última oportunidad de gloria.	2025	120	PG-13	es	\N	https://image.tmdb.org/t/p/w600_and_h900_bestv2/yKIG63pXN89EfbTA7yKpwxAU1rf.jpg	https://image.tmdb.org/t/p/original/rZWkXnIyTLzUJpHSUpOb7vgB0BL.jpg	Pa42UZgXiYk	\N	7.7650	7.8000	3898	f	f	t	\N	2026-05-17 22:59:44.283147-05	2026-05-17 22:59:44.28317-05
4124	\N	“Cumbres Borrascosas”	"Wuthering Heights"	cumbres-borrascosas	La tragedia golpea cuando Heathcliff se enamora de Catherine Earnshaw, una mujer de una familia adinerada de la Inglaterra del siglo XVIII	2026	120	PG-13	es	\N	https://image.tmdb.org/t/p/w600_and_h900_bestv2/kCb3QJNLi0alrk7i5aCphkkuoFl.jpg	https://image.tmdb.org/t/p/original/vSQSYd2zZTqc0zmHImwWEGGluMI.jpg	tjNSgqrDoLU	\N	6.6150	6.6000	962	f	f	t	\N	2026-05-17 22:59:45.01477-05	2026-05-17 22:59:45.014792-05
4125	\N	Ninfomanía: primera parte	Nymphomaniac: Vol. I	ninfomania-primera-parte	Después de ser recogida por un hombre llamado Seligman, Joe le cuenta su vida y sus experiencias sexuales con cientos de hombres desde su adolescencia.	2013	120	PG-13	es	\N	https://image.tmdb.org/t/p/w600_and_h900_bestv2/ftFePuoNijuKP16yGkCbLSlXwT3.jpg	https://image.tmdb.org/t/p/original/5GfUh2UNYlvvHUBQWx5XiHvwx1E.jpg	w7-UH6d_Oyo	\N	6.8000	6.8000	3642	f	f	t	\N	2026-05-17 22:59:46.117253-05	2026-05-17 22:59:46.117277-05
4126	\N	La secretaria	Secretary	la-secretaria	Lee Holloway tiene el peor de los currículum cuando decide solicitar un empleo de secretaria en el bufete de abogados de E. Edward Grey. Basta con decir que acaba de salir de una institución psiquiátrica y que, tan sólo un día después de volver a estar con su disfuncional familia de barrio periférico, ha recaído ya en su hábito secreto e inconfesable. Pese a que nunca en su vida ha tenido trabajo, Lee resulta finalmente contratada por el Sr. Grey, un misterioso abogado. Al principio el trabajo parece normal: mecanografiar cartas, archivar documentos y hacer el café; pero Lee y el Sr. Grey no tardan en embarcarse en una relación mucho más estrecha e íntima; una relación que haría sonrojar a cualquier jefe de personal.	2002	120	PG-13	es	\N	https://image.tmdb.org/t/p/w600_and_h900_bestv2/pXjS9ALVbKxu9xSEWJ4QO7c3RNX.jpg	https://image.tmdb.org/t/p/original/ifHgVh5c7B3mbq5CfkzwsyMRmpG.jpg	00zGV6p-dKc	\N	6.7940	6.8000	1902	f	f	t	\N	2026-05-17 22:59:47.21852-05	2026-05-17 22:59:47.218576-05
4010	\N	Intensa-Mente	Inside Out	intensa-mente	Riley es una chica que disfruta o padece toda clase de sentimientos. Aunque su vida ha estado marcada por la Alegría, también se ve afectada por otro tipo de emociones. Lo que Riley no entiende muy bien es por qué motivo tiene que existir la Tristeza en su vida. Una serie de acontecimientos hacen que Alegría y Tristeza se mezclen en una peligrosa aventura que dará un vuelco al mundo de Riley.	2015	120	PG-13	es	\N	https://image.tmdb.org/t/p/w600_and_h900_bestv2/ewEX6VcVohyrQ52usZb1XovN1Bj.jpg	https://image.tmdb.org/t/p/original/o3i6AfTcWAuNvzAUV3q5lOmi6Gx.jpg	_DTnvFdFW14	\N	7.9100	5.0000	1	f	f	t	\N	2026-05-17 22:57:39.917631-05	2026-05-17 22:57:39.917654-05
4127	\N	Malena	Malèna	malena	Malena es la belleza más encantadora e irresistible de Castelcuto, un tranquilo pueblo de la soleada costa siciliana. Es nueva en el pueblo y, estando su marido en la guerra, cada paseo que da se convierte en un espectáculo que va acompañado de las lujuriosas miradas de los hombres y de los resentidos cotilleos de sus envidiosas esposas. Un ejército de flacos adolescentes en bicicleta la sigue allí donde vaya, con la única intención de observar su exquisita y arquetípica belleza. Pero entre ellos se encuentra Renato, un chico de trece años con mucha imaginación que lleva su deseo a unos límites de obsesiva fantasía.	2000	120	PG-13	es	\N	https://image.tmdb.org/t/p/w600_and_h900_bestv2/p1DmuHTnvhsWFvWX0xnMWrLBVZ5.jpg	https://image.tmdb.org/t/p/original/vadUKKQixxOKWkcuZ1SUEoBQeVG.jpg	73FrJrCgJCI	\N	7.4590	7.5000	2583	f	f	t	\N	2026-05-17 22:59:48.789428-05	2026-05-17 22:59:48.789449-05
4129	\N	La idea de ti	The Idea of You	la-idea-de-ti	Basada en la aclamada historia de amor contemporánea del mismo nombre, The Idea of You se centra en Solène (Anne Hathaway), una madre soltera de 40 años que comienza un romance inesperado con Hayes Campbell (Nicholas Galitzine), de 24 años, el cantante principal de August Moon, la banda de chicos más popular del planeta.	2024	120	PG-13	es	\N	https://image.tmdb.org/t/p/w600_and_h900_bestv2/82nJLe6waU4dfecC7YuLXr3SOBb.jpg	https://image.tmdb.org/t/p/original/sI6uCeF8mUlZx22mFfHSi9W3XQ9.jpg	pz6qx4n2Ewc	\N	7.2910	7.3000	1940	f	f	t	\N	2026-05-17 22:59:57.117087-05	2026-05-17 22:59:57.117109-05
4130	\N	Soul	Soul	soul	Joe Gardner, un maestro de música, le ofrecen una oportunidad para convertirse en un reconocido músico de jazz que tanto soñaba. Sin embargo, después de un pequeño accidente, termina en un lugar misterioso donde las nuevas almas reciben las personalidad, el carácter y los intereses antes de ir a la tierra.	2020	120	PG-13	es	\N	https://image.tmdb.org/t/p/w600_and_h900_bestv2/xJ7MCAy4oCLerPo3JjnB8lKOhl4.jpg	https://image.tmdb.org/t/p/original/rQaHA74pevnGsxcKGaoZVGWe9TC.jpg	qotNwJYXnTI	\N	8.0920	8.1000	11387	f	f	t	\N	2026-05-17 23:00:13.388851-05	2026-05-17 23:00:13.388872-05
4131	\N	La princesa Kaguya del cosmos	超かぐや姫！	la-princesa-kaguya-del-cosmos	La vida de Iroha se sale de órbita cuando Kaguya, una chica que viene de la Luna, se muda con ella y la convence de actuar juntas en un mundo virtual.	2026	120	PG-13	es	\N	https://image.tmdb.org/t/p/w600_and_h900_bestv2/5qdBUtjTZIZA0vfnjb4FiQP9J5G.jpg	https://image.tmdb.org/t/p/original/1jdPUUSy37Wzw3xuc8otI86X2gv.jpg	uine6d15yGE	\N	8.2500	8.2000	80	f	f	t	\N	2026-05-17 23:00:14.618254-05	2026-05-17 23:00:14.618306-05
4132	\N	Selena Gomez: Mi mente y yo	Selena Gomez: My Mind & Me	selena-gomez-mi-mente-y-yo	Tras años bajo los reflectores, Selena Gomez alcanza un estrellato pop inimaginable, pero justo cuando llega a una nueva cima, un giro inesperado la arrastra hacia la oscuridad. Este documental excepcionalmente franco e íntimo abarca su camino de seis años hacia una nueva luz.	2022	120	PG-13	es	\N	https://image.tmdb.org/t/p/w600_and_h900_bestv2/kOmjk26BIG54wveOq920JAeaFdG.jpg	https://image.tmdb.org/t/p/original/u3MWQCdHyCK7IADtat4sVmBXd9U.jpg	4MOAbh9eFto	\N	8.4970	8.5000	591	f	f	t	\N	2026-05-17 23:00:15.361649-05	2026-05-17 23:00:15.361677-05
4134	\N	Sing 2: ¡Ven y Canta de Nuevo!	Sing 2	sing-2-ven-y-canta-de-nuevo	Buster Moon y su elenco de animales artistas se preparan para lanzar un deslumbrante espectáculo escénico en la capital mundial del entretenimiento. Solo hay un problema: debe convencer a la estrella de rock más solitaria del mundo de unirse a ellos.	2021	120	PG-13	es	\N	https://image.tmdb.org/t/p/w600_and_h900_bestv2/1f7Ah1ZjkaChoo5NkSJRsRKxwVs.jpg	https://image.tmdb.org/t/p/original/ztiFxuG0gC6wQ8y7JZFYbCQyN4Y.jpg	EPZu5MA2uqI	\N	7.8320	7.8000	4758	f	f	t	\N	2026-05-17 23:00:17.604525-05	2026-05-17 23:00:17.604548-05
4135	\N	La novicia rebelde	The Sound of Music	la-novicia-rebelde	Austria, 1938. María es una alegre novicia que abandona la abadía para convertirse en la institutriz de los siete hijos de un militar retirado, el capitán von Trapp, viudo desde hace poco tiempo. La casa de los von Trapp funciona como un cuartel, pero María consigue devolver la alegría a los niños y ganarse su respeto y cariño.	1965	120	PG-13	es	\N	https://image.tmdb.org/t/p/w600_and_h900_bestv2/jn1OC02FKOQTxc1i2gPMmZAp0Go.jpg	https://image.tmdb.org/t/p/original/y9M9xO78SHf43pK5TOgfOeQRHXj.jpg	Q7wZClqWm_o	\N	7.7000	7.7000	3623	f	f	t	\N	2026-05-17 23:00:18.747951-05	2026-05-17 23:00:18.747972-05
4136	\N	Sing: ¡Ven y canta!	Sing	sing-ven-y-canta	En una ciudad de animales humanoides, el intento de un empresario de teatro de salvar su teatro con un concurso de canto se convierte en algo más grande de lo que prevé, incluso cuando sus finalistas descubren que sus vidas nunca serán las mismas.	2016	120	PG-13	es	\N	https://image.tmdb.org/t/p/w600_and_h900_bestv2/aNXtFYs0mPP4wakHW7PhHuh8cEo.jpg	https://image.tmdb.org/t/p/original/z9ft5HYHzWcasR6SGcgeluxTznB.jpg	GIgXWuLQPFY	\N	7.1230	7.1000	8416	f	f	t	\N	2026-05-17 23:00:20.276944-05	2026-05-17 23:00:20.276966-05
4137	\N	CODA: Señales del corazón	CODA	coda-senales-del-corazon	CODA pertenece a una familia con problemas de audición, en su instituto ingresa al coro donde descubre su talento para la música y su atracción por un chico, ahora ella deberá tomar la decisión de dejar a sus padres por sus estudios.	2021	120	PG-13	es	\N	https://image.tmdb.org/t/p/w600_and_h900_bestv2/s9lvJIb60u0ckxiWG64s2DTHlp3.jpg	https://image.tmdb.org/t/p/original/v85FlkbMYKa5du1glm0YfYNsL2n.jpg	0pmfrE1YL4I	\N	7.8910	7.9000	2575	f	f	t	\N	2026-05-17 23:00:21.378266-05	2026-05-17 23:00:21.37829-05
4138	\N	Taboo Secretos de Familia	Taboo: Family Secrets	taboo-secretos-de-familia	Narra cómo la familia de Lukas se fractura por sus infidelidades y el surgimiento de una pasión prohibida entre su hijo Tyler y su madrastra Amanda. Esta producción, con un elenco que incluye a Costas Mandylor y Deborah Twiss, explora el cambio radical en la dinámica familiar.La infidelidad del patriarca y una atracción tabú entre hijo y madrastra cambian las lealtades familiares.	2024	120	PG-13	es	\N	https://image.tmdb.org/t/p/w600_and_h900_bestv2/71fpPPcb3ERbCrl9hed3lq1qetF.jpg	https://image.tmdb.org/t/p/original/2olTre3KEuaOFBhBUazEiF3a2ls.jpg	Z8XCyQbkxU0	\N	5.2000	5.2000	8	f	f	t	\N	2026-05-17 23:00:23.785972-05	2026-05-17 23:00:23.785994-05
4133	\N	Si solo pudiera imaginar 2	I Can Only Imagine 2	si-solo-pudiera-imaginar-2	Bart Millard, vocalista de MercyMe, se enfrenta a una crisis personal en la cima de su éxito. A medida que su mundo se desmorona, lucha con sus creencias y demonios internos mientras busca un camino a través de la adversidad.	2026	120	PG-13	es	\N	https://image.tmdb.org/t/p/w600_and_h900_bestv2/25R6U0xHikFbhDN69dUnzI4FIlz.jpg	https://image.tmdb.org/t/p/original/qHBnPZA3J6hSl9a3Q1JAQzDeo2L.jpg	8MLqWdUOZYQ	\N	7.9750	4.0000	1	f	f	t	\N	2026-05-17 23:00:16.495295-05	2026-05-17 23:00:16.495314-05
4139	\N	No Es Pais Para Solteros	Non è un paese per single	no-es-pais-para-solteros	Inspirada en la novela bestseller de Felicia Kingsley. En Belvedere, un pintoresco pueblo toscano donde el amor es la única moneda que importa, Elisa, una fuerte e independiente madre soltera debe elegir entre la vida que construyó ella sola y Michele, el hombre que podría haber despertado todo lo que intentaba olvidar.	2026	120	PG-13	es	\N	https://image.tmdb.org/t/p/w600_and_h900_bestv2/in1iQGN5g2nDwD20EVHT294jDvr.jpg	https://image.tmdb.org/t/p/original/bWvGtxd3a6wW7ocQPlYza3ycpxk.jpg	YwHyaNYVfSk	\N	6.6270	6.6000	51	f	f	t	\N	2026-05-17 23:00:24.523678-05	2026-05-17 23:00:24.523698-05
4140	\N	El abismo secreto	The Gorge	el-abismo-secreto	Dos agentes altamente entrenados se unen a la distancia tras ser enviados a proteger bordes opuestos de un abismo misterioso. Cuando la maldad emerge de él, tienen que trabajar juntos para sobrevivir a lo que yace dentro del abismo.	2025	120	PG-13	es	\N	https://image.tmdb.org/t/p/w600_and_h900_bestv2/8UJwZBuCWPNyMbpJdHSvrAJJtad.jpg	https://image.tmdb.org/t/p/original/9nhjGaFLKtddDPtPaX5EmKqsWdH.jpg	3QbfHIKyd4I	\N	7.6000	7.6000	3677	f	f	t	\N	2026-05-17 23:00:25.251737-05	2026-05-17 23:00:25.251758-05
4141	\N	Top Gun: Pasión y gloria	Top Gun	top-gun-pasion-y-gloria	La Marina de los Estados Unidos ha creado una escuela de élite para pilotos con el fin de sacar una promoción de expertos en técnicas de combate. En la academia, más conocida como Top Gun, a los mejores se les entrena para ser intrépidos y fríos al mismo tiempo, capaces de no perder los nervios en situaciones extremas y de no inmutarse al romper la barrera del sonido a los mandos de un F-14. A la escuela llega el joven Maverick, famoso por su temeraria aunque brillante forma de pilotar.	1986	120	PG-13	es	\N	https://image.tmdb.org/t/p/w600_and_h900_bestv2/tKYNi1fZtI0Xe1DcwEjnmUyQbBz.jpg	https://image.tmdb.org/t/p/original/dBgxEkWe17R0AJDAvAhpeVELQx2.jpg	Klc__shdj88	\N	7.1000	7.1000	9533	f	f	t	\N	2026-05-17 23:00:28.986349-05	2026-05-17 23:00:28.986369-05
4142	\N	No te olvidaré	Reminders of Him	no-te-olvidare	Cuando los abuelos de Diem, quienes tienen su custodia, rechazan con firmeza los intentos de Kenna por ver a su hija, ella encuentra una compasión inesperada —y luego algo más verdadero y profundo— en Ledger, exjugador de la NFL y dueño de un bar local. A medida que su romance secreto florece, también aumentan los peligros para ambos, llevando a Kenna hacia la desilusión y, finalmente, hacia la esperanza de una segunda oportunidad.	2026	120	PG-13	es	\N	https://image.tmdb.org/t/p/w600_and_h900_bestv2/a1SB2whRLcf7tveetg9NOP6CYkl.jpg	https://image.tmdb.org/t/p/original/5rxEnsgriw8z065q51lrvPKYmCL.jpg	TLyDSZ5uMp4	\N	7.4010	7.4000	212	f	f	t	\N	2026-05-17 23:00:31.056726-05	2026-05-17 23:00:31.056746-05
4143	\N	La doncella	아가씨	la-doncella	Corea, década de 1930, durante la colonización japonesa. Una joven, Sookee, es contratada como criada de una rica mujer japonesa, Hideko, que vive recluida en una gran mansión bajo la influencia de un tirano. Sookee guarda un secreto, y con la ayuda de un estafador que se hace pasar por un conde japonés, planea algo para Hideko.	2016	120	PG-13	es	\N	https://image.tmdb.org/t/p/w600_and_h900_bestv2/1CJWo3mJwNEi0RsSZyxbgVFOj8B.jpg	https://image.tmdb.org/t/p/original/3upEZ0ltY7WwOSFVXrtiP34D48p.jpg	wYsdzNIcJNc	\N	8.1870	8.2000	4299	f	f	t	\N	2026-05-17 23:00:43.065432-05	2026-05-17 23:00:43.065457-05
4144	\N	Culpa nuestra	Culpa nuestra	culpa-nuestra	La relación entre Nick y Noah está pasando por su mejor momento. Se van a producir una serie de eventos para que ambos puedan comprender finalmente si de verdad están hechos el uno para el otro o, si de lo contrario, lo que más les conviene es seguir caminos separados.	2025	120	PG-13	es	\N	https://image.tmdb.org/t/p/w600_and_h900_bestv2/1x6IEK3GwKzMfmYi1sgF4sh7yPU.jpg	https://image.tmdb.org/t/p/original/7QirCB1o80NEFpQGlQRZerZbQEp.jpg	kuiOAsu8UsA	\N	7.3000	7.3000	658	f	f	t	\N	2026-05-17 23:00:43.778336-05	2026-05-17 23:00:43.778357-05
4145	\N	Cincuenta Sombras de Grey	Fifty Shades of Grey	cincuenta-sombras-de-grey	Anastasia Steele, una joven estudiante de literatura, conoce al carismático y misterioso empresario Christian Grey durante una entrevista. A pesar de sus diferencias, la atracción entre ellos es innegable, llevándolos a una relación intensa donde Ana descubrirá facetas inesperadas de Grey y de sí misma.	2015	120	PG-13	es	\N	https://image.tmdb.org/t/p/w600_and_h900_bestv2/mNZcZOIlTwDKd30xLnRR4p0ZELg.jpg	https://image.tmdb.org/t/p/original/7IGKrY1f1KfwMipx9wZC4NRgIdF.jpg	6FDTMRK7-24	\N	5.8700	5.9000	12364	f	f	t	\N	2026-05-17 23:00:46.519757-05	2026-05-17 23:00:46.51978-05
4146	\N	Tu, yo & la Toscana	You, Me & Tuscany	tu-yo-la-toscana	Anna, una joven que ha dejado atrás su sueño de ser chef, viaja impulsivamente a la Toscana tras conocer a Matteo, dueño de una villa vacía. Cuando la madre de él aparece inesperadamente, Anna finge ser su prometida. La mentira se complica aún más con la llegada de Michael, cuyo inesperado vínculo con Anna podría cambiarlo todo.	2026	120	PG-13	es	\N	https://image.tmdb.org/t/p/w600_and_h900_bestv2/f0Gip8ZwWySoVXuv7icSdP5B8U3.jpg	https://image.tmdb.org/t/p/original/2TWIlmhE06ghspeQLEX1VmnEBiE.jpg	uYTMroh8pjI	\N	6.6390	6.6000	36	f	f	t	\N	2026-05-17 23:00:47.619043-05	2026-05-17 23:00:47.619072-05
4147	\N	La Propuesta	The Proposal	la-propuesta	Cuando se entera de que está en peligro de perder su estatus de visado y de ser deportada, la arrogante redactora de libros Margaret Tate obliga a su asistente, Andrew Paxton, a casarse con ella.	2009	120	PG-13	es	\N	https://image.tmdb.org/t/p/w600_and_h900_bestv2/7pSdQ7KngvmwtqAgdGFTl5W4fWE.jpg	https://image.tmdb.org/t/p/original/ojgXOhVi9Yk8irDpRfDkIzdD1LK.jpg	jHraHCjK094	\N	7.1470	7.1000	7456	f	f	t	\N	2026-05-17 23:00:48.756878-05	2026-05-17 23:00:48.756901-05
4271	\N	El Mago de Ciudad Esmeralda	\N	la-leyenda-del-mago	Ellie, una niña de 8 años, y su fiel perro Totó acaban en el mágico mundo de Oz, arrastrados por un tornado que conjuró la malvada bruja Gingema para destruir el mundo de los humanos. En esta primera entrega, Ellie y sus nuevos amigos el Espantapájaros, el Hombre de Hojalata y el León Cobarde emprenderán un viaje por el camino de baldosas amarillas hacia Ciudad Esmeralda, en busca del grande y temible mago Goodwin, quien debería concederles sus mayores deseos.	2025	120	\N	\N	\N	https://media.themoviedb.org/t/p/w600_and_h900_face/fVczqW6x4AGmJVJnak6lyXC64hd.jpg		https://youtu.be/qGvql5RSVmk	\N	0.0000	4.5000	0	f	f	t	1	2026-05-21 15:57:57.531834-05	2026-05-22 13:07:16.65898-05
4149	\N	El sobreviviente	The Running Man	el-sobreviviente	Un hombre se une a un programa de juegos en el que los concursantes, a los que se les permite ir a cualquier parte del mundo, son perseguidos por cazadores empleados para matarlos.	2025	120	PG-13	es	\N	https://image.tmdb.org/t/p/w600_and_h900_bestv2/qlDwhPwaCGXAPCtT2gDgON7AZBr.jpg	https://image.tmdb.org/t/p/original/aHj7d7wSLqrg5cjAcgHhiGr97Ih.jpg	Sx3jRH7pIj4	\N	6.7800	6.8000	1518	f	f	t	\N	2026-05-18 00:00:18.154232-05	2026-05-18 00:00:18.154255-05
4267	\N	Tierras Perdidas	\N	expedicion-perdida	Basada en el relato de George R. R. Martin. Una reina (Amara Okereke), desesperada por encontrar la felicidad en el amor, envía a la poderosa bruja Gray Alys (Milla Jovovich) a las Tierras Perdidas, en busca de un poder mágico que permite a una persona transformarse en un hombre lobo. Con el misterioso cazador Boyce (Dave Bautista), que la apoya en la lucha contra criaturas oscuras y despiadadas, Gray deambula por un mundo inquietante y peligroso. Pero solo ella sabe que, cada deseo que se concede, tiene consecuencias inimaginables.	2025	101	\N	\N	\N	https://media.themoviedb.org/t/p/w600_and_h900_face/sLDxndoqFWwJEq7iEdYQBzPjUDQ.jpg		https://youtu.be/izTLYzdKimA	\N	0.0000	4.3000	0	f	f	t	1	2026-05-21 15:57:57.523912-05	2026-05-22 13:32:43.044797-05
4151	\N	Deadpool & Wolverine	Deadpool & Wolverine	deadpool-wolverine	Un Wade Wilson apático se esfuerza en la vida civil. Sus días como el mercenario moralmente flexible Deadpool quedaron atrás. Cuando su mundo natal se enfrenta a una amenaza existencial, Wade debe, a regañadientes, volver a la acción junto a un reacio Wolverine.	2024	120	PG-13	es	\N	https://image.tmdb.org/t/p/w600_and_h900_bestv2/6aY3OzCIdxoBMYdiH5s17rWFFFA.jpg	https://image.tmdb.org/t/p/original/ufpeVEM64uZHPpzzeiDNIAdaeOD.jpg	V4ZDKt9KICo	\N	7.6000	7.6000	8607	f	f	t	\N	2026-05-18 00:00:19.55107-05	2026-05-18 00:00:19.551091-05
4152	\N	Jurassic World: Renace	Jurassic World Rebirth	jurassic-world-renace	Cinco años después de los acontecimientos de Jurassic World Dominion, Zora Bennett, una experta en operaciones encubiertas, es contratada para dirigir a un equipo de especialistas cuya misión es conseguir fabricar un medicamento hecho de ADN de tres criaturas más grandes para la raza humana.	2025	120	PG-13	es	\N	https://image.tmdb.org/t/p/w600_and_h900_bestv2/v49ceVcpW4Vj0tveTWlzrRdsFf4.jpg	https://image.tmdb.org/t/p/original/zNriRTr0kWwyaXPzdg1EIxf0BWk.jpg	erCVQDKXobA	\N	6.2650	6.3000	3312	f	f	t	\N	2026-05-18 00:00:20.315286-05	2026-05-18 00:00:20.315309-05
4153	\N	Starbright	Starbright	starbright	Una mujer encuentra el secreto para hacer realidad sus deseos.	2026	120	PG-13	es	\N	https://image.tmdb.org/t/p/w600_and_h900_bestv2/m1Zl07DNYeSyNcz9hf8hDsS2oB5.jpg	https://image.tmdb.org/t/p/original/tZiRd4IpoNiaoLXr2o2YfhTMjE2.jpg	hBxMbl2V3ZA	\N	6.2000	6.2000	17	f	f	t	\N	2026-05-18 00:00:22.989668-05	2026-05-18 00:00:22.989695-05
4154	\N	La guerra de las galaxias	Star Wars	la-guerra-de-las-galaxias	La princesa Leia es capturada y retenida como rehén por las malvadas fuerzas imperiales en su afán por apoderarse del Imperio Galáctico. El audaz Luke Skywalker y el audaz capitán Han Solo se unen al encantador dúo de robots R2-D2 y C-3PO para rescatar a la bella princesa y restaurar la paz y la justicia en el Imperio.	1977	120	PG-13	es	\N	https://image.tmdb.org/t/p/w600_and_h900_bestv2/ahT4ObS7XKedQkOSpGr1wQ97aKA.jpg	https://image.tmdb.org/t/p/original/yUiXA68FfQeA8cRBhd0Ao0jIRZt.jpg	XsS1yE2f-hE	\N	8.2050	8.2000	22285	f	f	t	\N	2026-05-18 00:00:24.112043-05	2026-05-18 00:00:24.112064-05
4155	\N	Spider-Man: Un nuevo día	Spider-Man: Brand New Day	spider-man-un-nuevo-dia	A medida qué Spider-Man está en la cima de su carrera protegiendo la ciudad de Nueva York, una serie de crímenes inusuales lo arrastran a una red de misterios más grande de lo que jamás haya enfrentado.	2026	120	PG-13	es	\N	https://image.tmdb.org/t/p/w600_and_h900_bestv2/4eb4y74sZlJ60LFA1LqZvRuNU1o.jpg	https://image.tmdb.org/t/p/original/vjMvFSmGUxEtqVdaZgvFee9XkZl.jpg	Pw1X-57Ms-8	\N	0.0000	0.0000	0	f	f	t	\N	2026-05-18 00:00:24.871737-05	2026-05-18 00:00:24.87175-05
4156	\N	Duna: Parte dos	Dune: Part Two	duna-parte-dos	Sigue la mítica jornada de Paul Atreides mientras se une con Chani y los Fremen en su camino hacia la venganza contra los conspiradores que destruyeron a su familia. Enfrentado a una elección entre el amor de su vida y el destino del universo conocido, Paul se esfuerza por prevenir un terrible futuro que solo él puede prever.	2024	120	PG-13	es	\N	https://image.tmdb.org/t/p/w600_and_h900_bestv2/6o5cJjA4srfvU52UKWaqPUuPPgl.jpg	https://image.tmdb.org/t/p/original/xOMo8BRK7PfcJv9JCnx7s5hj0PX.jpg	BUayub_LJJw	\N	8.1270	8.1000	7913	f	f	t	\N	2026-05-18 00:00:25.62211-05	2026-05-18 00:00:25.622131-05
4157	\N	Duna	Dune	duna	Paul Atreides, un joven brillante y talentoso nacido en un gran destino más allá de su entendimiento, debe viajar al planeta más peligroso del universo para asegurar el futuro de su familia y de su pueblo.	2021	120	PG-13	es	\N	https://image.tmdb.org/t/p/w600_and_h900_bestv2/7KfRnO2cVOaKlQu2PeNo6npFsOp.jpg	https://image.tmdb.org/t/p/original/zRKQW58MBEY078AxkHxEJzUskCl.jpg	qLSCkir1x60	\N	7.7810	7.8000	14843	f	f	t	\N	2026-05-18 00:00:26.773047-05	2026-05-18 00:00:26.77307-05
4158	\N	Ne Zha 2: El Renacer del Alma	哪吒之魔童闹海	ne-zha-2-el-renacer-del-alma	Después de la catástrofe, aunque las almas de Nezha y Aobing fueron salvadas, sus cuerpos pronto serían destrozados. Taiyi Zhenren planeaba usar el loto de siete colores para reconstruir sus cuerpos.	2025	120	PG-13	es	\N	https://image.tmdb.org/t/p/w600_and_h900_bestv2/rSBlnopTGL6aGpD2gTG1Bfqb2Om.jpg	https://image.tmdb.org/t/p/original/8btfz81bOJ2lC7cujYBTw03wzg3.jpg	zgvoOggZE8k	\N	8.1340	8.1000	673	f	f	t	\N	2026-05-18 00:00:28.66108-05	2026-05-18 00:00:28.661101-05
4159	\N	El increíble castillo vagabundo	ハウルの動く城	el-increible-castillo-vagabundo	Sophie es una joven de 18 años que trabaja sin descanso en la tienda de sombreros de la familia. En uno de sus frecuentes paseos conoce al enigmático mago Howl, lo que despierta la ira de la Bruja Calamidad, que odia a Howl con todas sus fuerzas. Cuando Sophie vuelve a la tienda, la Bruja se hace pasar por una clienta para acercarse a ella y lanzarle un hechizo… ¡que convierte a Sophie en una anciana de 90 años! Sophie, que no puede revelar su auténtica identidad, recurre a Howl para buscar una solución a su problema. Para ello se embarca en un viaje fantástico en el castillo ambulante del mago, habitado por personajes de lo más curiosos. Sophie necesita ayuda pero quizás sea Howl el que realmente está en apuros.	2004	120	PG-13	es	\N	https://image.tmdb.org/t/p/w600_and_h900_bestv2/nmmSsjno5eD3ixVZZe641tEFbzu.jpg	https://image.tmdb.org/t/p/original/nv5wwZou159v5OC61i4ElR7OqyY.jpg	BCDEOoNYW18	\N	8.3860	8.4000	11048	f	f	t	\N	2026-05-18 00:00:29.796815-05	2026-05-18 00:00:29.796833-05
4148	\N	Avengers: Endgame	Avengers: Endgame	avengers-endgame	Después de los devastadores eventos de los Vengadores: Infinity War (2018), el universo está en ruinas. Con la ayuda de los aliados restantes, los Vengadores se reúnen una vez más para revertir las acciones de Thanos y restaurar el equilibrio del universo.	2019	120	PG-13	es	\N	https://image.tmdb.org/t/p/w600_and_h900_bestv2/br6krBFpaYmCSglLBWRuhui7tPc.jpg	https://image.tmdb.org/t/p/original/7RyHsO4yDXtBv1zUU3mTpHeQ0d5.jpg	4KUQVkNBUS4	\N	8.2350	5.0000	1	f	f	t	\N	2026-05-18 00:00:16.928837-05	2026-05-18 00:00:16.928867-05
4163	\N	El rey león	The Lion King	el-rey-leon	El príncipe león Simba y su padre son el blanco de su amargado tío, que quiere ascender al trono.	1994	120	PG-13	es	\N	https://image.tmdb.org/t/p/w600_and_h900_bestv2/b0MxU37dNmMwKtoPVYPKOZSIrIn.jpg	https://image.tmdb.org/t/p/original/q00H8EqULYSK74lgevMkhmGGLHn.jpg	UgjEj5mXLlk	\N	8.2530	5.0000	1	f	f	t	\N	2026-05-18 00:00:33.953896-05	2026-05-18 00:00:33.953906-05
4161	\N	Mortal Kombat Leyendas: La Venganza De Scorpion	Mortal Kombat Legends: Scorpion's Revenge	mortal-kombat-leyendas-la-venganza-de-scorpion	Basado en el popular videojuego creado por Ed Boon y John Tovias, Mortal Kombat Legends: Scorpion’s Revenge pone el foco en un torneo único que se celebra una vez por generación y en el que se enfrentan los campeones de distintos reinos. El ganador determinará el destino de la Tierra y de sus habitantes.	2020	120	PG-13	es	\N	https://image.tmdb.org/t/p/w600_and_h900_bestv2/sqBl12v4AXVoc5PmeGnd8oZ7HHY.jpg	https://image.tmdb.org/t/p/original/vw3zNfzvnVNF7nIjpiEgcdznfeC.jpg	tQDAaDmf4hY	\N	8.0890	8.1000	1467	f	f	t	\N	2026-05-18 00:00:31.235834-05	2026-05-18 00:00:31.235845-05
4162	\N	Bob Esponja: En busca de los pantalones cuadrados	The SpongeBob Movie: Search for SquarePants	bob-esponja-en-busca-de-los-pantalones-cuadrados	Bob Esponja se sumerge en lo más profundo del océano para probar su valor persiguiendo al Holandés Errante.	2025	120	PG-13	es	\N	https://image.tmdb.org/t/p/w600_and_h900_bestv2/s19EZefg4g1EOWx0zA11tQJjHe2.jpg	https://image.tmdb.org/t/p/original/pMxO1beNNFYMDM7RcDyKW5Wheuz.jpg	iOsJFb5rmaU	\N	6.8000	6.8000	287	f	f	t	\N	2026-05-18 00:00:31.955506-05	2026-05-18 00:00:31.955527-05
4164	\N	Valiente	Brave	valiente	Decidida a labrarse su propio camino en la vida, la princesa Mérida desafía una costumbre que siembra el caos en su reino. Al concedérsele un deseo, Mérida deberá confiar en su valentía y en su destreza con el arco para romper una bestial maldición.	2012	120	PG-13	es	\N	https://image.tmdb.org/t/p/w600_and_h900_bestv2/iNmfdZ1UqYoccsUxfuQJDcZ7De5.jpg	https://image.tmdb.org/t/p/original/qx9ts2hBYJrkIQxhryitxnLlm2u.jpg	OKdLpBLp3nM	\N	7.0240	7.0000	14138	f	f	t	\N	2026-05-18 00:00:35.068942-05	2026-05-18 00:00:35.068955-05
4165	\N	Moana 2	Moana 2	moana-2	Después de recibir una llamada inesperada de sus antepasados ​​navegantes, Moana viajará a los lejanos mares de Oceanía, donde vivirá una peligrosa aventura con su nueva tripulación.	2024	120	PG-13	es	\N	https://image.tmdb.org/t/p/w600_and_h900_bestv2/mLAGAFUrRw9pphjnbnhtG1hASSN.jpg	https://image.tmdb.org/t/p/original/zo8CIjJ2nfNOevqNajwMRO6Hwka.jpg	vp0sjmy_ad4	\N	6.9990	7.0000	3058	f	f	t	\N	2026-05-18 00:00:35.754869-05	2026-05-18 00:00:35.754883-05
4166	\N	Mi villano favorito 4	Despicable Me 4	mi-villano-favorito-4	Gru, Lucy y las niñas -Margo, Edith y Agnes- dan la bienvenida a un nuevo miembro en la familia: Gru Junior, que parece llegar con el propósito de ser un suplicio para su padre. Gru tendrá que enfrentarse en esta ocasión a su nueva némesis Maxime Le Mal y su sofisticada y malévola novia Valentina, lo que obligará a la familia a tener que darse a la fuga.	2024	120	PG-13	es	\N	https://image.tmdb.org/t/p/w600_and_h900_bestv2/iE9Pi1hkiLUm88uF7o9L9Yzl4lW.jpg	https://image.tmdb.org/t/p/original/twsxsfao6ZOVvT8LfudH603MMi6.jpg	cyyzevQdDgs	\N	6.9870	7.0000	3186	f	f	t	\N	2026-05-18 00:00:36.450636-05	2026-05-18 00:00:36.45065-05
4168	\N	Mike & Nick & Nick & Alice	Mike & Nick & Nick & Alice	mike-nick-nick-alice	Dos gángsters y la mujer a la que aman intentan sobrevivir a la noche más peligrosa de sus vidas, en la que está implicada una máquina del tiempo.	2026	120	PG-13	es	\N	https://image.tmdb.org/t/p/w600_and_h900_bestv2/k6PSvLUs84QJsWLt0Zlkoa8ih6V.jpg	https://image.tmdb.org/t/p/original/uNToXatdunyvWXyXMrTI1nLvh6r.jpg	pI-2t18TXqs	\N	6.7700	6.8000	318	f	f	t	\N	2026-05-18 00:00:39.954978-05	2026-05-18 00:00:39.954995-05
4169	\N	The Christophers	The Christophers	the-christophers	Los hijos de un artista antaño famoso contratan a una falsificadora para que complete unos lienzos inacabados y abandonados hace mucho tiempo, y así tener una herencia cuando él muera.	2026	120	PG-13	es	\N	https://image.tmdb.org/t/p/w600_and_h900_bestv2/s6oUrGMNl8hVh7fn0O8oF2rHwrM.jpg	https://image.tmdb.org/t/p/original/mWRjVb2Lj9pjOlNcDP7lNvrvSo8.jpg	42GkXhRVLUQ	\N	6.7380	6.7000	21	f	f	t	\N	2026-05-18 00:00:41.091864-05	2026-05-18 00:00:41.091876-05
4170	\N	Boda Sangrienta	Ready or Not	boda-sangrienta	Durante la noche de su boda, una mujer (Weaving) recibe la invitación por parte de la rica y excéntrica familia de su marido para participar en una tradición ancestral que se convierte en un juego letal de superviviencia.	2019	120	PG-13	es	\N	https://image.tmdb.org/t/p/w600_and_h900_bestv2/yxNSgsnBByx8L6PLH0fSXS9kgeR.jpg	https://image.tmdb.org/t/p/original/oJ1MIABA0WF0a7MDVQnnMvBdex8.jpg	LBwfO9Hj6oQ	\N	7.0640	7.1000	5418	f	f	t	\N	2026-05-18 00:00:42.330255-05	2026-05-18 00:00:42.330267-05
4171	\N	Una batalla tras otra	One Battle After Another	una-batalla-tras-otra	Cuando su malvado némesis resurge después de 16 años, una banda de ex revolucionarios se reúne para rescatar a la hija de uno de los suyos.	2025	120	PG-13	es	\N	https://image.tmdb.org/t/p/w600_and_h900_bestv2/iZ1499F6hYxDxiqioy8oSUaxipG.jpg	https://image.tmdb.org/t/p/original/hiazLNa1UXuX35OTnMQRKOx3eTk.jpg	-W4aTfmPcKA	\N	7.3630	7.4000	3662	f	f	t	\N	2026-05-18 00:00:44.496547-05	2026-05-18 00:00:44.496568-05
4172	\N	Playa de lobos	Playa de lobos	playa-de-lobos	Manu trabaja en un chiringuito de playa, y Klaus es un turista que no quiere levantar el culo de la última tumbona que falta por recoger. Aparentemente parece sólo el encuentro casual de dos tipos totalmente opuestos y condenados a no entenderse. Pero Manu empieza a sospechar que Klaus no está en esa playa por casualidad, ni es quien decía ser. La tensión va subiendo entre ellos, hasta que Klaus le hace a Manu una desconcertante y perturbadora propuesta.	2025	120	PG-13	es	\N	https://image.tmdb.org/t/p/w600_and_h900_bestv2/kvUDtcqsDX9uqnHd74h7doAzlKd.jpg	https://image.tmdb.org/t/p/original/pOGqAA6AOOKLRWOfYvRAdDP0vOl.jpg	pS_bQp0KcN4	\N	5.2500	5.2000	12	f	f	t	\N	2026-05-18 00:00:45.301093-05	2026-05-18 00:00:45.301114-05
4160	\N	Spider-Man: A Través del Spider-Verso	Spider-Man: A Través del Spider-Verso	spider-man-a-traves-del-spider-verso	Miles Morales se catapulta a través del multiverso y se encuentra con la Sociedad Arácnida.	2023	140	PG-13	Español	USA	https://image.tmdb.org/t/p/w600_and_h900_bestv2/8Vt6mWEReuy4Of61Lnj5Xj704m8.jpg	https://image.tmdb.org/t/p/original/4HodYYKEIsGOdinkGi2Ucz6X9i0.jpg	cqGjhVJWtEg	8.6	8.6000	8.6000	50000	f	f	t	4	2026-05-18 00:00:30.525455-05	2026-05-19 08:47:17.424432-05
4265	\N	Sombras del Pasado	\N	sombras-del-pasado	Después de someterse a un tratamiento de vanguardia para el Alzheimer, un ex detective de homicidios vuelve a examinar un caso de hace una década que involucra el brutal asesinato de un profesor universitario, y es como si estuviera investigando el caso por primera vez.	2024	112	\N	\N	\N	https://media.themoviedb.org/t/p/w600_and_h900_face/kDAgYPJ4qMDt2RbuYGmUocpWuPd.jpg		https://youtu.be/u2BGl62ljCg	\N	0.0000	4.4000	0	f	f	t	1	2026-05-21 15:57:57.519359-05	2026-05-22 13:37:48.096969-05
4167	\N	Cómo entrenar a tu dragón	How to Train Your Dragon	como-entrenar-a-tu-dragon	En la agreste isla de Berk, donde vikingos y dragones han sido enemigos acérrimos durante generaciones, Hipo se distingue, desafiando siglos de tradición al entablar amistad con Desdentao, un temido dragón Furia Nocturna. Su improbable vínculo revela la verdadera naturaleza de los dragones, desafiando los cimientos de la sociedad vikinga.	2025	120	PG-13	es	\N	https://image.tmdb.org/t/p/w600_and_h900_bestv2/kjQXYc2Abhy3TBgAZGzJRhN1JaV.jpg	https://image.tmdb.org/t/p/original/79PNOxNXSe5e0bhEj11QJPlsdCN.jpg	FQM-V1CF-Zw	\N	7.9310	5.0000	1	f	f	t	\N	2026-05-18 00:00:37.159006-05	2026-05-18 00:00:37.15902-05
4173	\N	El Padrino II	The Godfather Part II	el-padrino-ii	Continuación de la historia de los Corleone por medio de dos historias paralelas: la elección de Michael como jefe de los negocios familiares y los orígenes del patriarca, Don Vito Corleone, primero en su Sicilia natal y posteriormente en Estados Unidos, donde, empezando desde abajo, llegó a ser un poderosísimo jefe de la mafia de Nueva York.	1974	120	PG-13	es	\N	https://image.tmdb.org/t/p/w600_and_h900_bestv2/nitJxV5GfaOB44VVOpVx2fOxnuT.jpg	https://image.tmdb.org/t/p/original/kGzFbGhp99zva6oZODW5atUtnqi.jpg	7pfqivkYUlE	\N	8.5710	8.6000	13885	f	f	t	\N	2026-05-18 00:00:48.222095-05	2026-05-18 00:00:48.222106-05
4174	\N	Buenos Muchachos	GoodFellas	buenos-muchachos	Henry Hill, hijo de padre irlandés y madre siciliana, vive en Brooklyn y se siente fascinado por la vida que llevan los gángsters de su barrio, donde la mayoría de los vecinos son inmigrantes. Paul Cicero, el patriarca de la familia Pauline, es el protector del barrio. A los trece años, Henry decide abandonar la escuela y entrar a formar parte de la organización mafiosa como chico de los recados; muy pronto se gana la confianza de sus jefes, gracias a lo cual irá subiendo de categoría.	1990	120	PG-13	es	\N	https://image.tmdb.org/t/p/w600_and_h900_bestv2/nocvbyxKR5b1vxagy46SfEiMK3P.jpg	https://image.tmdb.org/t/p/original/gILte6Zd7m1YneIr6MVhh30S9pr.jpg	PTBRNXGQR9Q	\N	8.4530	8.5000	14306	f	f	t	\N	2026-05-18 00:00:49.304672-05	2026-05-18 00:00:49.304683-05
4175	\N	Beekeeper: Sentencia de muerte	The Beekeeper	beekeeper-sentencia-de-muerte	La brutal campaña de venganza de un hombre adquiere dimensiones nacionales cuando se descubre que es un antiguo agente de una poderosa organización clandestina conocida como "Los apicultores".	2024	120	PG-13	es	\N	https://image.tmdb.org/t/p/w600_and_h900_bestv2/9X8EhbSpYrf6pGFGttWtVDAs9Hr.jpg	https://image.tmdb.org/t/p/original/4MCKNAc6AbWjEsM2h9Xc29owo4z.jpg	y01FaRAlmsE	\N	7.2470	7.2000	4188	f	f	t	\N	2026-05-18 00:00:49.995832-05	2026-05-18 00:00:49.995851-05
4176	\N	KARTAVYA	कर्तव्य	kartavya	Con la seguridad de su familia en juego y las crecientes amenazas que lo acechan, un policía debe decidir hasta dónde está dispuesto a llegar para hacer justicia.	2026	120	PG-13	es	\N	https://image.tmdb.org/t/p/w600_and_h900_bestv2/aPhwFUeaYV2hNswZ7N4kDJUYDeM.jpg	https://image.tmdb.org/t/p/original/mHm73HhpvGWfRkXNErcwc15Czrv.jpg	WnoY3M1eaeE	\N	5.6670	5.7000	3	f	f	t	\N	2026-05-18 00:00:51.136299-05	2026-05-18 00:00:51.136317-05
4177	\N	Rescate implacable	A Working Man	rescate-implacable	Levon Cade dejó atrás una distinguida carrera militar en operaciones encubiertas para llevar una vida sencilla trabajando en la construcción. Pero cuando la hija de su jefe, quien es como familia para él, es capturada por traficantes de personas, su búsqueda para traerla de regreso revela un mundo de corrupción mucho mayor de lo que jamás pudo imaginar.	2025	120	PG-13	es	\N	https://image.tmdb.org/t/p/w600_and_h900_bestv2/aG50Ad3UV8cCQWpNWSHHUqgKGNB.jpg	https://image.tmdb.org/t/p/original/fTrQsdMS2MUw00RnzH0r3JWHhts.jpg	fuwWoX7UvmE	\N	6.6840	6.7000	1894	f	f	t	\N	2026-05-18 00:00:52.008297-05	2026-05-18 00:00:52.008316-05
4178	\N	Bowling for Columbine	Bowling for Columbine	bowling-for-columbine		2002	120	PG-13	es	\N	https://image.tmdb.org/t/p/w600_and_h900_bestv2/2ZIvlZm9PDXJowWLObwXyWqryYt.jpg	https://image.tmdb.org/t/p/original/70uUnpfe7en9x011UjpZoub101l.jpg	AElSP38H8OE	\N	7.5130	7.5000	1687	f	f	t	\N	2026-05-18 00:00:55.503652-05	2026-05-18 00:00:55.503675-05
4179	\N	Halina Ni Aliya	Halina Ni Aliya	halina-ni-aliya		2026	120	PG-13	es	\N	https://image.tmdb.org/t/p/w600_and_h900_bestv2/avEUHvvj4QWOXVBPYe7aJwtbaut.jpg	https://image.tmdb.org/t/p/original/lMt1YqmXWVWVjcYY7EwidY0mBFX.jpg	42Gmh8m4fyw	\N	5.5000	5.5000	2	f	f	t	\N	2026-05-18 00:00:56.773847-05	2026-05-18 00:00:56.773978-05
4180	\N	Al descubierto en el Reino Unido: Jamie Vardy	Jamie Vardy	al-descubierto-en-el-reino-unido-jamie-vardy	De jugador amateur a leyenda de la Premier League, Jamie Vardy recorrió un camino sin precedentes y llegó a la cima contra todo pronóstico.	2026	120	PG-13	es	\N	https://image.tmdb.org/t/p/w600_and_h900_bestv2/d0pODTh6FOwn87iOeXGb7nKOdNT.jpg	https://image.tmdb.org/t/p/original/weFG1yMIwVsjGr5YfdpltxpBh09.jpg	q7taU9-vOAo	\N	8.0420	8.0000	12	f	f	t	\N	2026-05-18 00:00:59.622713-05	2026-05-18 00:00:59.622737-05
4181	\N	A Big Gay Hairy Hit! Where the Bears Are: The Documentary	A Big Gay Hairy Hit! Where the Bears Are: The Documentary	a-big-gay-hairy-hit-where-the-bears-are-the-documentary		2023	120	PG-13	es	\N	https://image.tmdb.org/t/p/w600_and_h900_bestv2/gqkKWCfIGYvrdRWBVXn5Uy8jDiO.jpg	https://image.tmdb.org/t/p/original/9Q7Q6B4hVE6DWl72m02mJceMCQS.jpg	iwMwh079N2k	\N	9.0000	9.0000	3	f	f	t	\N	2026-05-18 00:01:00.715138-05	2026-05-18 00:01:00.715154-05
4182	\N	Iron Maiden: Burning Ambition	Iron Maiden: Burning Ambition	iron-maiden-burning-ambition	Con un acceso sin precedentes a los archivos oficiales y recuerdos íntimos de los miembros de la banda, tanto actuales como pasados, «Iron Maiden: Burning Ambition» invita a los fans a vivir uno de los viajes más icónicos en la historia de la música. A lo largo de cinco décadas, este electrizante documental recorre el ascenso de la banda desde los pubs del este de Londres hasta los estadios más grandes del mundo. Con entrevistas exclusivas con los integrantes del grupo y colaboradores como Javier Bardem, Lars Ulrich y Chuck D, además de secuencias animadas totalmente nuevas de su legendaria mascota, Eddie, la película ofrece una mirada única e íntima a la visión inquebrantable de Iron Maiden y su conexión eterna con su ejército global de seguidores.	2026	120	PG-13	es	\N	https://image.tmdb.org/t/p/w600_and_h900_bestv2/wtXlLK1TSPLfbQZR774xLduLj16.jpg	https://image.tmdb.org/t/p/original/ArcZ2ZvrLzXVQtIqGb9G1gRLjjc.jpg	pD_H2u79tp0	\N	6.8000	6.8000	5	f	f	t	\N	2026-05-18 00:01:03.118112-05	2026-05-18 00:01:03.118125-05
4183	\N	El Señor de los Anillos: Las Dos Torres	El Señor de los Anillos: Las Dos Torres	el-senor-de-los-anillos-las-dos-torres	Frodo Bolsón y los demás miembros de la Comunidad continúan su sagrada misión de destruir el Anillo Único, pero por caminos separados. Sus destinos se encuentran en dos torres: la Torre de Orthanc en Isengard, donde les espera el corrupto mago Saruman, y la fortaleza de Sauron en Barad-dûr, en las profundidades de las tierras oscuras de Mordor. Frodo y Sam se dirigen a Mordor para destruir el Anillo Único de Poder, mientras que Gimli, Legolas y Aragorn buscan a Merry y Pippin, capturados por los orcos. Mientras tanto, el infame mago Saruman espera a los miembros de la Comunidad en la Torre de Orthanc en Isengard.	2002	179	PG-13	Español	USA	https://media.themoviedb.org/t/p/w600_and_h900_face/5VTN0pR8gcqV3EPUHHfMGnJYN9L.jpg		LbfMDwc4azU	8.7	8.7000	8.7000	50000	f	f	t	2	2026-05-18 00:01:05.82104-05	2026-05-19 09:32:38.099495-05
4184	\N	¡La novia!	The Bride!	la-novia	Un solitario Frankenstein viaja al Chicago de los años 30 para pedirle al científico pionero Dr. Euphronious que le cree una compañera. Ambos reviven a una joven asesinada y nace La Novia. Pero lo que sigue supera lo que ninguno de los dos imaginó.	2026	120	PG-13	es	\N	https://image.tmdb.org/t/p/w600_and_h900_bestv2/jRFCTTdj9M2hukPKOU3vVNcDnDD.jpg	https://image.tmdb.org/t/p/original/l8rKKMU2M9dDULO9CEtDNdWAEUJ.jpg	i_y_dWKl-O8	\N	6.1950	6.2000	425	f	f	t	\N	2026-05-18 00:01:06.566369-05	2026-05-18 00:01:06.566384-05
4264	\N	El Sendero Azul	\N	el-sendero-roto	Tereza, de 77 años, ha vivido siempre en una pequeña ciudad industrial de Brasil. Un día recibe una notificación oficial del gobierno para trasladarse a una colonia remota, creada para que los jubilados pasen "sus últimos años” y así dejar espacio a los más jóvenes para que sigan siendo plenamente productivos. Pero en lugar de aceptar este destino impuesto, Tereza se rebela y decide embarcarse en un viaje transformador por el Amazonas, para cumplir un último deseo antes de que le arrebaten su libertad. Esto marcará su vida para siempre.	2025	86	\N	\N	\N	https://media.themoviedb.org/t/p/w600_and_h900_face/sY7dcqyvUKbVKwaNFOPaPgljyj0.jpg		https://youtu.be/b26hUZDVSkQ	\N	0.0000	4.6000	0	f	f	t	1	2026-05-21 15:57:57.517433-05	2026-05-22 13:41:02.653056-05
4185	\N	Harry Potter y el prisionero de Azkaban	Harry Potter and the Prisoner of Azkaban	harry-potter-y-el-prisionero-de-azkaban	Durante sus días en la escuela Hogwarts, nuevos peligros se le presentan a Harry y sus amigos. La llegada de los Dementores, seres que absorben el alma, un peligroso aliado acecha dentro de los muros del castillo y el temible mago Sirius Black escapa Azkaban.	2004	120	PG-13	es	\N	https://image.tmdb.org/t/p/w600_and_h900_bestv2/xBph7rrwtxUuDxyZVDQtbP2H0sM.jpg	https://image.tmdb.org/t/p/original/vbk5CfaAHOjQPSAcYm6AoRRz2Af.jpg	cUtaBkW1MKo	\N	8.0080	8.0000	23104	f	f	t	\N	2026-05-18 00:01:07.285306-05	2026-05-18 00:01:07.285323-05
4186	\N	El Hobbit 3: La Batalla de Los Cinco Ejércitos	The Hobbit: The Battle of the Five Armies	el-hobbit-3-la-batalla-de-los-cinco-ejercitos	Después de haber recuperado el reino del Dragón Smaug en la montaña, la Compañía ha desencadenado, sin querer, una potencia maligna. Un Smaug enfurecido vuela hacia la Ciudad del Lago para acabar con cualquier resto de vida. Obsesionado con las enormes riquezas en su poder, el rey enano Thorin se vuelve codicioso, mientras Bilbo intenta hacerle entrar en razón haciendo algo desesperado y peligroso. Pero hay aún mayores peligros por delante. Sin la ayuda del mago Gandalf, su gran enemigo Sauron ha enviado legiones de orcos hacia la Montaña Solitaria en un ataque épico. Cuando la oscuridad se cierna sobre ellos, las razas de los Enanos, Elfos y Hombres deberán decidir si unirse o ser destruidos. Bilbo se encontrará así en la batalla épica de los Cinco Ejércitos, donde el futuro de la Tierra Media está en juego.	2014	120	PG-13	es	\N	https://image.tmdb.org/t/p/w600_and_h900_bestv2/6OiNSLcRKJsBLXwb6DEi6IQ0JFk.jpg	https://image.tmdb.org/t/p/original/3UbaCMmqOd7mca4Y5DOzY2ZVTyX.jpg	Y6Fv5StfAxA	\N	7.3330	7.3000	15324	f	f	t	\N	2026-05-18 00:01:08.416397-05	2026-05-18 00:01:08.41641-05
4187	\N	Una película de Minecraft	A Minecraft Movie	una-pelicula-de-minecraft	Henry, Natalie, Dawn y Garrett, cuatro inadaptados, son arrastrados a un misterioso portal hacia el extraño y cúbico mundo principal. Para volver a casa, tendrán que dominar este mundo con la ayuda de un artesano inesperado y experto llamado, Steve, mientras se embarcan en una búsqueda mágica.	2025	120	PG-13	es	\N	https://image.tmdb.org/t/p/w600_and_h900_bestv2/rZYYmjgyF5UP1AVsvhzzDOFLCwG.jpg	https://image.tmdb.org/t/p/original/2Nti3gYAX513wvhp8IiLL6ZDyOm.jpg	bwAbeOvpfq0	\N	6.2650	6.3000	2977	f	f	t	\N	2026-05-18 00:01:09.121172-05	2026-05-18 00:01:09.121201-05
4188	\N	El sonido de la muerte	Whistle	el-sonido-de-la-muerte	Un grupo de estudiantes inadaptados encuentra por accidente un objeto maldito: un antiguo silbato de la muerte azteca. Al soplarlo, descubren que el terrorífico sonido que produce invoca a sus propias muertes futuras para perseguirlos. Mientras las víctimas aumentan, los amigos intentan descubrir el origen del artefacto y detener la terrible cadena de sucesos que han provocado.	2026	120	PG-13	es	\N	https://image.tmdb.org/t/p/w600_and_h900_bestv2/5H6F0xICMYHkRp9RzZZdXeLXpRq.jpg	https://image.tmdb.org/t/p/original/yJi6g0CnsqANLNuVaRX28tZxeHX.jpg	Pt9dNNWUKGY	\N	6.3050	6.3000	387	f	f	t	\N	2026-05-18 00:01:11.626473-05	2026-05-18 00:01:11.626486-05
4189	\N	El día de la revelación	Disclosure Day	el-dia-de-la-revelacion	Si descubrieras que no estamos solos, si alguien te abriera los ojos y te lo demostrase, ¿te asustarías?	2026	120	PG-13	es	\N	https://image.tmdb.org/t/p/w600_and_h900_bestv2/pigU63pWFuXkq2MBc865GpFG4UP.jpg	https://image.tmdb.org/t/p/original/5p6BsJtnPbglYN15MuiUEppPl0f.jpg	PsV5T707MtM	\N	0.0000	0.0000	0	f	f	t	\N	2026-05-18 00:01:12.337109-05	2026-05-18 00:01:12.337134-05
4190	\N	Oldboy: Cinco días para vengarse	올드보이	oldboy-cinco-dias-para-vengarse	Min-sik Choi es un hombre de negocios coreano que un día es secuestrado y confinado durante años en una celda en la que sólo hay una televisión. Y, sin embargo, ignora por qué razón está allí...	2003	120	PG-13	es	\N	https://image.tmdb.org/t/p/w600_and_h900_bestv2/kHZPjZi6BVimy4p3EW3Nkpxu1Y0.jpg	https://image.tmdb.org/t/p/original/sdwjQEM869JFwMytTmvr6ggvaUl.jpg	tAaBkFChaRg	\N	8.2390	8.2000	9814	f	f	t	\N	2026-05-18 00:01:13.537425-05	2026-05-18 00:01:13.537444-05
4191	\N	El Gran Truco	The Prestige	el-gran-truco	Robert Angier es un ilusionista respetado que se obsesiona con uno de los trucos de su rival Alfred Borden. Para conseguir el truco hará todo lo posible, sin saber hasta qué punto cambiará su vida...	2006	120	PG-13	es	\N	https://image.tmdb.org/t/p/w600_and_h900_bestv2/6NHAZLR4AJhBAVU4qFzkucfyhVl.jpg	https://image.tmdb.org/t/p/original/z3br1ub7spqGMkxgjgJSdM4DC21.jpg	ObGVA1WOqyE	\N	8.2070	8.2000	17546	f	f	t	\N	2026-05-18 00:01:14.617899-05	2026-05-18 00:01:14.617925-05
4192	\N	2001: Odisea del Espacio	2001: A Space Odyssey	2001-odisea-del-espacio	La historia de la humanidad, en diversos estadios del pasado y del futuro, es narrada en la película de ciencia-ficción de culto por excelencia de la historia del cine. Hace millones de años, en los albores del nacimiento del homo sapiens, unos simios descubren un monolito que les lleva a un estadio de inteligencia superior. Otro monolito vuelve a aparecer, millones de años después, enterrado en una luna, lo que provoca el interés de los científicos humanos. Por último, HAL 9000, una máquina de inteligencia artificial, es la encargada de todos los sistemas de una nave espacial tripulada durante una misión de la NASA.	1968	120	PG-13	es	\N	https://image.tmdb.org/t/p/w600_and_h900_bestv2/npn6Myk5F1rC8Jo98qOlyRze16m.jpg	https://image.tmdb.org/t/p/original/w5IDXtifKntw0ajv2co7jFlTQDM.jpg	kR2r-A9H3Kg	\N	8.0510	8.1000	12561	f	f	t	\N	2026-05-18 00:01:15.757385-05	2026-05-18 00:01:15.757405-05
4195	\N	El Susurro	El Susurro	el-susurro	Lucía y Adrián huyen de su padre violento a una mansión. Descubren una red de snuff y una maldición familiar.	2026	120	PG-13	es	\N	https://image.tmdb.org/t/p/w600_and_h900_bestv2/evDvchrDRS2i9jKcLJpixSLjx45.jpg	https://image.tmdb.org/t/p/original/vD2IsRkXyIzZkT8NHop8FUh4jwv.jpg	0v2J0u2527o	\N	6.9000	5.0000	1	f	f	t	\N	2026-05-18 00:01:19.025467-05	2026-05-18 00:01:19.025485-05
4196	\N	Embestida	Thrash	embestida	Tras la inundación causada por un fuerte huracán, los residentes de un pueblo deben luchar por sobrevivir a las aguas llenas de tiburones hambrientos.	2026	120	PG-13	es	\N	https://image.tmdb.org/t/p/w600_and_h900_bestv2/2ZO1nzANssYCyPph8w2ocwq2Bfb.jpg	https://image.tmdb.org/t/p/original/hniERZojXCEc7Fp3yljZUigOAhm.jpg	hzyOsNyDkbM	\N	5.9980	5.0000	1	f	f	t	\N	2026-05-18 00:01:20.14678-05	2026-05-18 00:01:20.146796-05
4193	\N	Pecadores	Sinners	pecadores	Intentando dejar atrás sus vidas problemáticas, los hermanos gemelos regresan a su pueblo natal para empezar de nuevo, solo para descubrir que un mal aún mayor los espera para darles la bienvenida.	2025	120	PG-13	es	\N	https://image.tmdb.org/t/p/w600_and_h900_bestv2/jIVa5m9s7bKYdI0KH8wFw1qLxHl.jpg	https://image.tmdb.org/t/p/original/nAxGnGHOsfzufThz20zgmRwKur3.jpg	T6a9rmdCUuE	\N	7.4830	4.0000	1	f	f	t	\N	2026-05-18 00:01:17.2989-05	2026-05-18 00:01:17.298915-05
4194	\N	Los Extraños: Capítulo 3	The Strangers: Chapter 3	los-extranos-capitulo-3	Maya se enfrenta a los asesinos enmascarados y descubre que la única salida de la pesadilla es hacia adentro.	2026	120	PG-13	es	\N	https://image.tmdb.org/t/p/w600_and_h900_bestv2/mIiwoDukWkEoo90WXqOHxHmwhYD.jpg	https://image.tmdb.org/t/p/original/fPfDB0IHOqvmKIzFP9CA51OOS1N.jpg	r1BrUAOz8A0	\N	5.6580	5.0000	1	f	f	t	\N	2026-05-18 00:01:17.9609-05	2026-05-18 00:01:17.96092-05
4198	\N	Hidden Face	히든페이스	hidden-face	Un talentoso director de orquesta queda devastado tras la misteriosa desaparición de su prometida. Pero mientras intenta rehacer su vida con otra mujer, descubre un oscuro secreto oculto tras las paredes de su casa. Remake de la película colombiana 'La cara oculta', de Andrés Baiz.	2024	120	PG-13	es	\N	https://image.tmdb.org/t/p/w600_and_h900_bestv2/rkuzlpvaAQIbamiRvEFPqzv4zVk.jpg	https://image.tmdb.org/t/p/original/jgySLjw9ZDKbnGf0VlhlHT7iHSi.jpg	ILc5IVKqszY	\N	5.1000	5.1000	66	f	f	t	\N	2026-05-18 00:01:23.942764-05	2026-05-18 00:01:23.942788-05
4199	\N	Scream: Grita antes de morir	Scream	scream-grita-antes-de-morir	Sidney Prescott, una adolescente de la pequeña comunidad de Woodsboro, se convierte en el objetivo de un misterioso asesino en serie. Una reportera de un canal de noticias, Gale Weathers, que cubrió el asesinato un año atrás de la madre de Sidney, cubre ahora estos asesinatos, además ha escrito un libro en el que defiende al supuesto asesino de Maureen, Cotton Weary, que va a ir a la cámara de gas, alegando que cayó en una trampa, lo que hace reavivar la polémica. Los crímenes dejan de ser aislados y continúan los asesinatos. Ahora Sidney, su novio y sus amigos están en peligro, ya que el asesino quiere revivir lo sucedido un año atrás con Maureen Prescott, pero esta vez con su hija.	1996	120	PG-13	es	\N	https://image.tmdb.org/t/p/w600_and_h900_bestv2/jSyDHeFEGghtm624mWpuadcG6Gl.jpg	https://image.tmdb.org/t/p/original/vh7np635kDIcfO6x2Y9ElgLJsuI.jpg	U0LETmDvuXc	\N	7.4290	7.4000	7918	f	f	t	\N	2026-05-18 00:01:25.067676-05	2026-05-18 00:01:25.067697-05
4200	\N	El legado del diablo	Hereditary	el-legado-del-diablo	Tras la muerte de la matriarca de la familia Leigh, Annie y sus hijos descubren secretos inquietantes sobre su herencia. Su vida cotidiana no solo se ve afectada, sino que también se ven envueltos en un destino aterrador del que no pueden escapar, llevándolos al borde de la locura.	2018	120	PG-13	es	\N	https://image.tmdb.org/t/p/w600_and_h900_bestv2/6chE8jSfzggAudaHmKodzBz8Sl.jpg	https://image.tmdb.org/t/p/original/gJbTXKNTL6O7r7PzF6ZRkJGBlPp.jpg	MJNR58zaStE	\N	7.2920	7.3000	8547	f	f	t	\N	2026-05-18 00:01:26.180041-05	2026-05-18 00:01:26.180065-05
4201	\N	Good Boy	Good Boy	good-boy	Un delincuente de 19 años, Tommy, es secuestrado y obligado a un proceso de rehabilitación por una pareja disfuncional, Chris y Kathryn, que intentan convertirlo en un «buen chico». Tommy debe encontrar la forma de escapar.	2026	120	PG-13	es	\N	https://image.tmdb.org/t/p/w600_and_h900_bestv2/x0wD4Qxe0wulV0bxarsQ05PqDNF.jpg	https://image.tmdb.org/t/p/original/6AYl4PU29o2WXUPZzAo56GVQs5r.jpg	qWkPjI-Brkc	\N	7.3240	7.3000	88	f	f	t	\N	2026-05-18 00:01:27.282184-05	2026-05-18 00:01:27.282198-05
4202	\N	La Llegada	Arrival	la-llegada	Cuando naves extraterrestres comienzan a llegar a la Tierra, los altos mandos militares piden ayuda a una experta lingüista (Amy Adams) para intentar averiguar si los alienígenas vienen en son de paz o suponen una amenaza. Poco a poco la mujer intentará aprender a comunicarse con los extraños invasores, poseedores de un lenguaje propio, para dar con la verdadera y misteriosa razón de la visita extraterrestre...	2016	120	PG-13	es	\N	https://image.tmdb.org/t/p/w600_and_h900_bestv2/tbVITeytclB4JKx2LxxasrCCmZx.jpg	https://image.tmdb.org/t/p/original/uKPbFF08QkRMvIAsgCh1soeyPhZ.jpg	mnr-AcHOgtM	\N	7.6260	7.6000	19303	f	f	t	\N	2026-05-18 00:01:28.017942-05	2026-05-18 00:01:28.017968-05
4203	\N	El hombre araña	Spider-Man	el-hombre-arana	Cuando es mordido por una araña genéticamente modificada, un estudiante de secundaria nerd, tímido y torpe, adquiere habilidades parecidas a las de una araña que eventualmente debe usar para luchar contra el mal como un superhéroe después de que la tragedia cae sobre su familia.	2002	120	PG-13	es	\N	https://image.tmdb.org/t/p/w600_and_h900_bestv2/or6XJBVpcEbIkma0V9zshnbEtx4.jpg	https://image.tmdb.org/t/p/original/zQ8AxTPiCiS5nnwXpwTBPBHSaa5.jpg	t06RUxPbp_c	\N	7.3280	7.3000	20614	f	f	t	\N	2026-05-18 00:01:30.018845-05	2026-05-18 00:01:30.018857-05
4204	\N	Los 4 Fantásticos: Primeros pasos	The Fantastic 4: First Steps	los-4-fantasticos-primeros-pasos	Con un estruendoso trasfondo en un mundo retrofuturista inspirado en los años 60, la Primera Familia de Marvel enfrenta su desafío más intimidante hasta ahora. Obligados a equilibrar sus roles como héroes con la fuerza de su vínculo familiar, deben defender la Tierra de un voraz dios espacial llamado Galactus y su enigmático heraldo, Silver Surfer.	2025	120	PG-13	es	\N	https://image.tmdb.org/t/p/w600_and_h900_bestv2/lESwYExnRVCDscOmdvklWxZgWUp.jpg	https://image.tmdb.org/t/p/original/s94NjfKkcSczZ1FembwmQZwsuwY.jpg	6NNwtpzrFTs	\N	6.9620	7.0000	3315	f	f	t	\N	2026-05-18 00:01:30.737824-05	2026-05-18 00:01:30.737836-05
4205	\N	Sin piedad	Mercy	sin-piedad	En un futuro cercano, un detective es juzgado por el asesinato de su esposa. Tiene noventa minutos para demostrar su inocencia ante el Juez de Inteligencia Artificial que una vez defendió, antes de que este determine su destino.	2026	120	PG-13	es	\N	https://image.tmdb.org/t/p/w600_and_h900_bestv2/mgqAZeEI5hnAgeVZ0kAdYiPy1Rs.jpg	https://image.tmdb.org/t/p/original/po1niVuud0tX86xOFegO5omQ2wX.jpg	F6CXV-rVBKI	\N	7.0000	7.0000	1259	f	f	t	\N	2026-05-18 00:01:31.465372-05	2026-05-18 00:01:31.465386-05
4206	\N	Spider-Man: De regreso a casa	Spider-Man: Homecoming	spider-man-de-regreso-a-casa	Peter Parker comienza a experimentar su recién descubierta identidad como el superhéroe Spider-Man (El Hombre Araña). Después de la experiencia vivida con los Vengadores, Peter regresa a casa, donde vive con su tía. Bajo la atenta mirada de su mentor Tony Stark, Peter intenta mantener una vida normal como cualquier joven de su edad, pero interrumpe en su rutina diaria el nuevo villano Vulture y, con él, lo más importante de la vida de Peter comenzará a verse amenazado.	2017	120	PG-13	es	\N	https://image.tmdb.org/t/p/w600_and_h900_bestv2/81qIJbnS2L0rUAAB55G8CZODpS5.jpg	https://image.tmdb.org/t/p/original/tPpYGm2mVecue7Bk3gNVoSPA5qn.jpg	ZwKHN6YY118	\N	7.3300	7.3000	23122	f	f	t	\N	2026-05-18 00:01:32.65761-05	2026-05-18 00:01:32.657629-05
4207	\N	Iron Man 2	Iron Man 2	iron-man-2	El mundo ya sabe que el multimillonario Tony Stark (Robert Downey Jr.) es Iron Man, el superhéroe enmascarado. A pesar de las presiones del gobierno, la prensa y la opinión pública para que comparta su tecnología con el ejército, Tony es reacio a desvelar los secretos de la armadura de Iron Man, porque teme que esa información caiga en en manos de irresponsables. Con Pepper Potts (Gwyneth Paltrow) y James “Rhodey” Rhodes (Don Cheadle) a su lado, Tony forja alianzas nuevas y se enfrenta a nuevas y poderosas fuerzas.	2010	120	PG-13	es	\N	https://image.tmdb.org/t/p/w600_and_h900_bestv2/ayyJVOV5I4MGjti7nIHC3mVCagR.jpg	https://image.tmdb.org/t/p/original/7lmBufEG7P7Y1HClYK3gCxYrkgS.jpg	opL2ADRqBDM	\N	6.8520	6.9000	22340	f	f	t	\N	2026-05-18 00:01:33.406902-05	2026-05-18 00:01:33.406919-05
4208	\N	La obsesión de Kyla	My Teacher, My Obsession	la-obsesion-de-kyla	Riley conoce a Kyla en el instituto, una chica solitaria de la que rápidamente se vuelve amiga íntima. Pero pronto descubre la obsesión que tiene su nueva compañera.	2018	120	PG-13	es	\N	https://image.tmdb.org/t/p/w600_and_h900_bestv2/zHm5LtEOlmmMdgJDvADvUl90NlA.jpg	https://image.tmdb.org/t/p/original/9tI2BBfTPK4pbYxaQZ16Thca9L9.jpg	8PWMTSHc8qg	\N	5.0000	5.0000	105	f	f	t	\N	2026-05-18 00:01:36.5389-05	2026-05-18 00:01:36.538921-05
4209	\N	Marty Supremo	Marty Supreme	marty-supremo	Ambientada en el vibrante mundo del tenis de mesa de los años 50, Marty Supreme sigue a Marty Mauser (Timothée Chalamet), un joven soñador decidido a ganarse el respeto en un deporte que nadie toma en serio. Inspirada en el espíritu del legendario jugador de ping-pong, la película narra el descenso de Marty hacia la obsesión, las apuestas y la redención, mientras arriesga todo para transformar su improbable pasión en grandeza y como cambio algo en el al final luego de conocer a su hija.	2025	120	PG-13	es	\N	https://image.tmdb.org/t/p/w600_and_h900_bestv2/guRmwb1r337m2tKBH9KcE3vOpGE.jpg	https://image.tmdb.org/t/p/original/3iMoYSbI72Nwsvi7uSpqReLJVa6.jpg	A1_-_3l7XZU	\N	7.3870	7.4000	1720	f	f	t	\N	2026-05-18 00:01:37.245616-05	2026-05-18 00:01:37.24564-05
4210	\N	Humint	휴민트	humint	Al investigar una red de narcotráfico en Rusia, un agente surcoreano se topa con un agente norcoreano y ambos quedan expuestos a peligros y secretos.	2026	120	PG-13	es	\N	https://image.tmdb.org/t/p/w600_and_h900_bestv2/3wcTfvs8j940ALGAbNsH7iwprvt.jpg	https://image.tmdb.org/t/p/original/5KFThZkdBEQkp9gPWWWNb5CI5yD.jpg	n6scQ_ds0x8	\N	7.4000	7.4000	126	f	f	t	\N	2026-05-18 00:01:38.428017-05	2026-05-18 00:01:38.428037-05
4211	\N	Hellfire	Hellfire	hellfire	Un vagabundo ex Boina Verde llega a la ciudad sureña de Rondo, controlada por un despiadado sindicato criminal y utilizada como centro de tráfico de drogas. Testigo de la opresión y la violencia infligida a los inocentes residentes, se vuelve contra el corrupto sheriff y el poderoso clan Whittfield. Una lucha despiadada por la vida, la libertad y la justicia, con consecuencias que podrían dejar a toda la ciudad en llamas...	2026	120	PG-13	es	\N	https://image.tmdb.org/t/p/w600_and_h900_bestv2/tQti9QTf13MfzNpXguijgNh7ojE.jpg	https://image.tmdb.org/t/p/original/uNexK3QOe1mbAmVlFs7PqTCCBUG.jpg	S_uvyNNCiMc	\N	4.7000	4.7000	3	f	f	t	\N	2026-05-18 00:01:39.639872-05	2026-05-18 00:01:39.63989-05
4212	\N	Uykucu	Uykucu	uykucu		2025	120	PG-13	es	\N	https://image.tmdb.org/t/p/w600_and_h900_bestv2/xvycfI4PRusKfqvzmkb8xqO0g48.jpg	https://image.tmdb.org/t/p/original/fOAIBZQOyqktxjpedHZKTDJegkt.jpg	hvHw1VbVQkM	\N	6.2500	6.2000	4	f	f	t	\N	2026-05-18 00:01:40.746724-05	2026-05-18 00:01:40.746744-05
4213	\N	Apocalipsis Ahora	Apocalypse Now	apocalipsis-ahora	Con un reparto de lujo, cuenta la historia de un capitán del Ejército norteamericano que es enviado en misión secreta por la peligrosa e hipnótica Camboya, con el fin de asesinar a un misterioso coronel renegado llamado Kurtz, que ha sucumbido a los horrores de la guerra y vive apartado en un poblado remoto.	1979	120	PG-13	es	\N	https://image.tmdb.org/t/p/w600_and_h900_bestv2/6H4KLXvam8f5tihmU80yRSfj5Fl.jpg	https://image.tmdb.org/t/p/original/49fzLedFVKgGgFChLMuulDJBY1c.jpg	nVVh-8aSDGU	\N	8.2670	8.3000	9068	f	f	t	\N	2026-05-18 00:01:42.847778-05	2026-05-18 00:01:42.847797-05
4214	\N	La caída del halcón negro	Black Hawk Down	la-caida-del-halcon-negro	En octubre de 1993, una unidad de élite del Ejército de Estados Unidos es enviada a Mogadiscio, la capital de Somalia, para realizar una misión en plena guerra civil. Sin embargo, lo que parecía ser una misión sencilla se convierte en una pesadilla.	2001	120	PG-13	es	\N	https://image.tmdb.org/t/p/w600_and_h900_bestv2/A2vZprRrBbcwLMwf4Oswtk1jodh.jpg	https://image.tmdb.org/t/p/original/o6f1sJ0ZYg6TA2tMgoHdupB68QB.jpg	V1UV3Vj4z0w	\N	7.3930	7.4000	6342	f	f	t	\N	2026-05-18 00:01:43.951851-05	2026-05-18 00:01:43.951875-05
4215	\N	El Pianista	The Pianist	el-pianista	Un músico judío polaco lucha por sobrevivir a la destrucción del gueto de Varsovia de la Segunda Guerra Mundial.	2002	120	PG-13	es	\N	https://image.tmdb.org/t/p/w600_and_h900_bestv2/mxfLOWnHnSlbdraKfzRn5mqoqk7.jpg	https://image.tmdb.org/t/p/original/c0fB9xk7D1aVb3Bg2rk2SVJcGn.jpg	og9hFxxdSOg	\N	8.3750	8.4000	10113	f	f	t	\N	2026-05-18 00:01:45.164785-05	2026-05-18 00:01:45.164804-05
4216	\N	Corazón Valiente	Braveheart	corazon-valiente	Drama histórico que narra la vida de William Wallace, un héroe escocés del siglo XIII que lidera una rebelión contra el dominio inglés. Wallace lucha por la libertad de su pueblo y se convierte en un símbolo de resistencia y valentía en la lucha por la independencia de Escocia.	1995	120	PG-13	es	\N	https://image.tmdb.org/t/p/w600_and_h900_bestv2/6snCuOuKwWnATAOTTumAtRImuoo.jpg	https://image.tmdb.org/t/p/original/1m1c5gIWWkb1FEC9lzsoXHhhs7b.jpg	WtO3CsleMDg	\N	7.9440	7.9000	11078	f	f	t	\N	2026-05-18 00:01:46.291781-05	2026-05-18 00:01:46.291799-05
4217	\N	Rambo	First Blood	rambo	Cuando John Rambo, el ex Bere Verde, es acosado por la policía local y arrestado por vagancia, el veterano de Vietnam escapa de la policía y corre por las colinas, donde se desarrolla una guerra ente Rambo y la policía de ese pueblo. Acosado por un incansable sheriff, Rambo emplea tácticas de guerrilla duras para sacudir a los policías.	1982	120	PG-13	es	\N	https://image.tmdb.org/t/p/w600_and_h900_bestv2/oxHEl7nsCC5E2aBRIK8QLSb3XZO.jpg	https://image.tmdb.org/t/p/original/teCZlGivejMw4rVzyxBSYQNr6XI.jpg	Rl_4vPKDijQ	\N	7.5070	7.5000	6868	f	f	t	\N	2026-05-18 00:01:47.438997-05	2026-05-18 00:01:47.439018-05
4218	\N	Danza con Lobos	Dances with Wolves	danza-con-lobos	El teniente John Dunbar, un soldado de la Unión durante la Guerra Civil, se encuentra solo en un puesto fronterizo y desarrolla una relación con una tribu de nativos americanos. La película explora su conexión con la naturaleza y la cultura nativa, mientras enfrenta conflictos entre su lealtad y su creciente simpatía por los indígenas. Danza con lobos" recibió elogios de la crítica y ganó siete premios Oscar, incluido el de Mejor Película.	1990	120	PG-13	es	\N	https://image.tmdb.org/t/p/w600_and_h900_bestv2/sKVwj51kTWdOweIFFNjmLVN1qG1.jpg	https://image.tmdb.org/t/p/original/ywWva4trKw7f3wtbz81Fe3FnrtC.jpg	N4gr-uXUg1M	\N	7.8380	7.8000	4674	f	f	t	\N	2026-05-18 00:01:49.049522-05	2026-05-18 00:01:49.049542-05
4219	\N	Cowboys & Aliens	Cowboys & Aliens	cowboys-aliens	Una nave espacial llega a Arizona, 1873, para apoderarse de la Tierra, empezando por la región del Salvaje Oeste. Una pandilla de vaqueros y nativos es todo lo que se interpone en su camino.	2011	120	PG-13	es	\N	https://image.tmdb.org/t/p/w600_and_h900_bestv2/noA2N0VdXVS9dsK3C0IH4RhKTBx.jpg	https://image.tmdb.org/t/p/original/sGXCYMzr1sCnGNVuRpB2TOWPWDA.jpg	0JlTboo4cPM	\N	5.6550	5.7000	5401	f	f	t	\N	2026-05-18 00:01:50.277754-05	2026-05-18 00:01:50.277805-05
4220	\N	Por unos dólares más	Per qualche dollaro in più	por-unos-dolares-mas	Dos cazadores de recompensas que buscan al mismo hombre deciden unir sus fuerzas para encontrarlo, aunque las razones que los mueven son completamente diferentes... Su título original ("Per qualche dollaro in più") ya sugiere que es la continuación natural de "Por un puñado de dólares" ("Per un pugno di dollari"), dirigida por Leone un año antes.	1965	120	PG-13	es	\N	https://image.tmdb.org/t/p/w600_and_h900_bestv2/1jYm6eU09zX3D5RlTGiCWbJzn5p.jpg	https://image.tmdb.org/t/p/original/x0bQvdpr88xVhMrVM93tEIKSM2q.jpg	xZm8i5sGlWI	\N	8.0170	8.0000	4420	f	f	t	\N	2026-05-18 00:01:51.439386-05	2026-05-18 00:01:51.439408-05
4221	\N	Tierras Perdidas	In the Lost Lands	tierras-perdidas	Una reina, desesperada por obtener el don de cambiar de forma, hace una jugada audaz: contrata a la hechicera Gray Alys, una mujer tan temida como poderosa. Enviada al desierto fantasmal de las Tierras Perdidas, Alys y su guía, el vagabundo Boyce, deben burlar y luchar contra el hombre y el demonio en una fábula que explora la naturaleza del bien y el mal, la deuda y la satisfacción, el amor y la pérdida.	2025	120	PG-13	es	\N	https://image.tmdb.org/t/p/w600_and_h900_bestv2/sLDxndoqFWwJEq7iEdYQBzPjUDQ.jpg	https://image.tmdb.org/t/p/original/oI5uHu7lrQ0mBBH1c8OHCAkCq4x.jpg	CMyrp5Vk3mU	\N	6.3540	6.4000	800	f	f	t	\N	2026-05-18 00:01:52.559624-05	2026-05-18 00:01:52.559646-05
4222	\N	Por un puñado de dólares	Per un pugno di dollari	por-un-punado-de-dolares	Un forastero llega al pequeño pueblo de San Miguel. Silvanito, el posadero de la ciudad, le cuenta al forastero sobre una disputa entre dos familias que compiten por obtener el control de un pueblo de hombres muertos y mujeres viudas.	1964	120	PG-13	es	\N	https://image.tmdb.org/t/p/w600_and_h900_bestv2/la1A6gknPnZd0bZgL6C7poN11v.jpg	https://image.tmdb.org/t/p/original/9gMkOYzk7P9QXwndhLRAC8cMZcJ.jpg	f_oZUWAdEe8	\N	7.8260	7.8000	4696	f	f	t	\N	2026-05-18 00:01:54.506845-05	2026-05-18 00:01:54.506891-05
4223	\N	Peligrosa Obsesión	인간중독	peligrosa-obsesion	En el verano de 1969, el coronel Kim Jin Pyung luchó con valentía en la guerra de Vietnam. Sin embargo, vive atrapado en un matrimonio sin amor con Soo Jin. En un complejo de viviendas de la familia militar, el coronel se enamora de Jong Ga Heun, la esposa de su subordinado, y mantienen un apasionado romance secreto.	2014	120	PG-13	es	\N	https://image.tmdb.org/t/p/w600_and_h900_bestv2/zMCeJiRbV7Z5TFA8JpALExAQra.jpg	https://image.tmdb.org/t/p/original/iGBbWXmAIgpiWg9Mx2D2gLzbg4n.jpg	40NSEn733iU	\N	6.7000	6.7000	81	f	f	t	\N	2026-05-18 00:02:01.476884-05	2026-05-18 00:02:01.476906-05
4224	\N	Joven y bella	Jeune & Jolie	joven-y-bella	Joven y bella es un drama francés que cuenta la historia de la joven Isabelle, una bella adolescente de 17 años que pertenece a una acomodada familia de París conformada por su madre, su padrastro y sus dos hermanos menores. Ella trabaja en un centro de llamadas, donde conversa con hombres mayores, pero un verano decide perder su virginidad y al encontrar la experiencia decepcionante e insatisfactoria, inicia una peligrosa doble vida: estudiante de día y prostituta de lujo para señores mayores de noche. Ganadora de la Concha de Oro y el Premio del Jurado en el festival de San Sebastián de 2012, la película está narrada por Isabelle en cuatro etapas, cada una con una canción distinta como contexto, en la que ella comenzará un viaje de autodescubrimiento sobre su obsesión con el sexo, la pasión, y el deseo carnal, lo que la atrapa en una espiral de lujuria de la no puede escapar.	2013	120	PG-13	es	\N	https://image.tmdb.org/t/p/w600_and_h900_bestv2/ga9B2AdWbB1YUwrSJHLwlA9l2Kx.jpg	https://image.tmdb.org/t/p/original/6NQqojkmxGe3sxs9bNx6Mi9BuOd.jpg	mdOlnXTSTw8	\N	6.5080	6.5000	1323	f	f	t	\N	2026-05-18 00:02:03.061724-05	2026-05-18 00:02:03.061744-05
4225	\N	Cómo Tener Sexo	How to Have Sex	como-tener-sexo	Tres adolescentes británicas se van de vacaciones con ritos de iniciación: beber, ir de discotecas y ligar, en lo que debería ser el mejor verano de sus vidas.	2023	120	PG-13	es	\N	https://image.tmdb.org/t/p/w600_and_h900_bestv2/7GDdwWIxc8ainsb0TvC2AIEXTOz.jpg	https://image.tmdb.org/t/p/original/akvlTeB0LiNzw9U9YCAB8wwb5Qo.jpg	a3XV6Oi1YZI	\N	6.2390	6.2000	496	f	f	t	\N	2026-05-18 00:02:04.23968-05	2026-05-18 00:02:04.239704-05
4226	\N	Nuremberg: El Juicio Del Siglo	Nuremberg	nuremberg-el-juicio-del-siglo	Un psiquiatra estadounidense examina a 22 criminales nazis durante los juicios de Núremberg. Su fascinación por Hermann Göring y su obsesiva búsqueda por entender la naturaleza del mal lo llevan a un oscuro destino.	2025	120	PG-13	es	\N	https://image.tmdb.org/t/p/w600_and_h900_bestv2/ggYGgsXV7jG42t2UhYx5mWA1tao.jpg	https://image.tmdb.org/t/p/original/bf5TG9RODkPXmtJSgf8Iymof1wl.jpg	hFw0Mp_5M_I	\N	7.5160	7.5000	979	f	f	t	\N	2026-05-18 00:02:05.775944-05	2026-05-18 00:02:05.775965-05
4227	\N	L'homme inconnu	L'homme inconnu	lhomme-inconnu		2021	120	PG-13	es	\N	https://image.tmdb.org/t/p/w600_and_h900_bestv2/4TpBhdaSl5ALHbgeaYOLF8Q3haz.jpg	https://image.tmdb.org/t/p/original/7uXzE0ZBkbAeKylOz7cUQF4Yw75.jpg	W7x1EJvXHd4	\N	7.8000	7.8000	4	f	f	t	\N	2026-05-18 00:02:07.117443-05	2026-05-18 00:02:07.117464-05
4228	\N	9 Songs	9 Songs	9-songs	Lisa es una estudiante estadounidense que está pasando un año en Londres. Le encanta la música. En uno de los conciertos a los que asiste, conoce a Matt, un inglés con quien comienza una relación amorosa intensa. La historia sigue el desarrollo de su romance, mostrando cómo su conexión se profundiza a través de nueve canciones y encuentros sexuales. A lo largo de la película, se alternan escenas de sus experiencias íntimas con actuaciones en vivo de diversos grupos musicales. La trama explora tanto el amor como el deseo, capturando los momentos de pasión y también las tensiones que surgen entre ellos mientras recorren diferentes etapas de su relación	2004	120	PG-13	es	\N	https://image.tmdb.org/t/p/w600_and_h900_bestv2/7Bkt2Z989GasK0YKykIMyLPYOGz.jpg	https://image.tmdb.org/t/p/original/qU7tNIMpRqkizIObXfkJY3haTqh.jpg	N1HWcofsxJk	\N	5.5420	5.5000	575	f	f	t	\N	2026-05-18 00:02:09.593225-05	2026-05-18 00:02:09.593238-05
4229	\N	El Afinador	Tuner	el-afinador	Las meticulosas habilidades de un talentoso afinador de pianos le llevan a descubrir una inesperada aptitud para abrir cajas fuertes, lo que pone su vida patas arriba.	2026	120	PG-13	es	\N	https://image.tmdb.org/t/p/w600_and_h900_bestv2/oGZd4xQJBt4mtuBhTdlOalsdqtT.jpg	https://image.tmdb.org/t/p/original/sT5Inhc0aaReSZoufWgfJTQUbKp.jpg	OmX_Rgkjt5w	\N	6.0000	6.0000	2	f	f	t	\N	2026-05-18 00:02:12.172001-05	2026-05-18 00:02:12.172022-05
4230	\N	Sonríe 2	Smile 2	sonrie-2	La estrella del pop mundial Skye Riley está a punto de embarcarse en una nueva gira mundial cuando empieza a experimentar una serie de sucesos cada vez más aterradores e inexplicables. Skye tendrá que enfrentarse a su oscuro pasado para recuperar el control de su vida antes de que sea demasiado tarde.	2024	120	PG-13	es	\N	https://image.tmdb.org/t/p/w600_and_h900_bestv2/aQtWauWpy5KQEHsBURDnoTD6svd.jpg	https://image.tmdb.org/t/p/original/iR79ciqhtaZ9BE7YFA1HpCHQgX4.jpg	_AP127HrJCU	\N	6.5870	6.6000	2136	f	f	t	\N	2026-05-18 00:02:13.031293-05	2026-05-18 00:02:13.031309-05
4231	\N	Mother Mary	Mother Mary	mother-mary	Viejas heridas enterradas salen a la luz cuando la icónica estrella del pop, Mother Mary, se reencuentra con su distanciada mejor amiga y exdiseñadora de vestuario, Sam Anselm, en la víspera de su actuación de regreso.	2026	120	PG-13	es	\N	https://image.tmdb.org/t/p/w600_and_h900_bestv2/qMgUI6pxkPtIuoXX4DcJ6X7bdt2.jpg	https://image.tmdb.org/t/p/original/4R47iCjnTgwICFPxAJOxzE99Wzj.jpg	aqYHOsuje1E	\N	5.2320	5.2000	28	f	f	t	\N	2026-05-18 00:02:14.746284-05	2026-05-18 00:02:14.746305-05
4232	\N	8 Mile: Calle de ilusiones	8 Mile	8-mile-calle-de-ilusiones	La gente de Detroit conoce al limite de la Ciudad como 8 Mile. Pero este límite no solamente es físico sino que es una barrera psicologica que separa a Jimmy Smith de lo que el quiere llegar a ser. 8 Mile Calle de las Ilusiones es una provocativa refleión de lo que implica una semana para la vida de Jimmy. Esta película es estelarizada por el multi-premiado artista EMINEM en su primer papel protagónico jacompañado por Kim Basinger como su madre.	2002	120	PG-13	es	\N	https://image.tmdb.org/t/p/w600_and_h900_bestv2/l9x4o8qcKYxyC15GTzRUcGCxGCE.jpg	https://image.tmdb.org/t/p/original/jNG7pl0DkN1nzxnbZj4MCGf2VEG.jpg	axGVrfwm9L4	\N	7.1420	7.1000	7804	f	f	t	\N	2026-05-18 00:02:16.085162-05	2026-05-18 00:02:16.085181-05
4233	\N	Cincuenta Sombras Liberadas	Fifty Shades Freed	cincuenta-sombras-liberadas	Creyendo que han dejado atrás las sombras del pasado, los recién casados Christian y Anastasia disfrutan de su relación y de su vida llena de lujos. Pero justo cuando Ana empieza a relajarse, aparecen nuevas amenazas que ponen en riesgo su felicidad. Adaptación de la última novela de la saga "50 sombras de Grey".	2018	120	PG-13	es	\N	https://image.tmdb.org/t/p/w600_and_h900_bestv2/sM8hwgWZlmZf0h4aOkNopb3HBIo.jpg	https://image.tmdb.org/t/p/original/9ywA15OAiwjSTvg3cBs9B7kOCBF.jpg	imlazhr7Pfk	\N	6.6750	6.7000	8338	f	f	t	\N	2026-05-18 00:02:21.867855-05	2026-05-18 00:02:21.867875-05
4234	\N	Hamnet	Hamnet	hamnet	Agnes y su esposo William Shakespeare luchan por superar la pérdida de su único hijo, Hamnet.	2025	120	PG-13	es	\N	https://image.tmdb.org/t/p/w600_and_h900_bestv2/qXF968t2LfHZJ8Zrq2NgMGNomnE.jpg	https://image.tmdb.org/t/p/original/a9IQXoYCpsjqTOKXRTw1osLd5il.jpg	AYJ5qnvcAoA	\N	7.7000	7.7000	1326	f	f	t	\N	2026-05-18 00:02:22.598532-05	2026-05-18 00:02:22.598578-05
4235	\N	Diario de una pasión	The Notebook	diario-de-una-pasion	En una residencia de ancianos, un hombre mayor lee a una mujer una historia de amor escrita en su viejo libro de notas. El libro cuenta la vida en los años 40 de Noah Calhoun y Allie Nelson, dos jóvenes adolescentes de Carolina del Norte que, a pesar de vivir en dos ambientes sociales muy diferentes, pasaron un verano idílico juntos y profundamente enamorados, antes de ser separados, primero por sus padres, y más tarde por la Segunda Guerra Mundial.	2004	120	PG-13	es	\N	https://image.tmdb.org/t/p/w600_and_h900_bestv2/kdJNpBcLJH0nDis8cjQHGjaAbRl.jpg	https://image.tmdb.org/t/p/original/zdXnJqBaGFVtLoPNuMeKfEYUViZ.jpg	XswZj9LvFPI	\N	7.8870	7.9000	12518	f	f	t	\N	2026-05-18 00:02:24.079946-05	2026-05-18 00:02:24.080001-05
4236	\N	El último tango en París	Ultimo tango a Parigi	el-ultimo-tango-en-paris	Un hombre destrozado por el suicidio de su esposa intenta enterrar su dolor en una relación repentina, puramente carnal, con una fascinante desconocida.	1972	120	PG-13	es	\N	https://image.tmdb.org/t/p/w600_and_h900_bestv2/2G1j1RWBvmWc8f0HXjRZnn0ZlgD.jpg	https://image.tmdb.org/t/p/original/hExTiLbfB93HwEwkeQxb3q4nHtQ.jpg	_0Vj-B6JVmQ	\N	6.9030	6.9000	1340	f	f	t	\N	2026-05-18 00:02:26.415733-05	2026-05-18 00:02:26.415757-05
4237	\N	Kandungan	Kandungan	kandungan		2025	120	PG-13	es	\N	https://image.tmdb.org/t/p/w600_and_h900_bestv2/5F5yEFbsVIygB1ztyuFZbf9lKhm.jpg	https://image.tmdb.org/t/p/original/uz49vsYeZkom3lhYmMiQHiuUYcw.jpg	R88RaRBbpUc	\N	7.5000	7.5000	4	f	f	t	\N	2026-05-18 00:02:27.529351-05	2026-05-18 00:02:27.529375-05
4263	\N	Tear of Autumn	\N	lagrimas-de-otono	Lágrima de Otoño es un drama romántico musical y emocionante que narra la vida de una joven pareja profundamente enamorada y unida por su pasión compartida por la música. Pasan sus días interpretando canciones conmovedoras que reflejan su amor y sus sueños para el futuro. Sin embargo, un trágico suceso destroza su mundo. Cuando un hombre con síndrome de Capgras se cruza en su camino, su vida llena de amor y alegría se sumerge en la oscuridad y el sufrimiento, hasta llegar a un emocionante clímax.	2025	101	\N	\N	\N	https://media.themoviedb.org/t/p/w600_and_h900_face/5zVmGglCipiFpaudWWI0XE2ykNC.jpg		https://youtu.be/xn_kEK7_Piw	\N	0.0000	4.8000	0	f	f	t	1	2026-05-21 15:57:57.515536-05	2026-05-22 13:46:49.281651-05
4150	\N	Spider-Man: Sin camino a casa	Spider-Man: No Way Home	spider-man-sin-camino-a-casa	Peter Parker es desenmascarado y ya no puede separar su vida normal de los altos riesgos de ser un súper héroe. Cuando pide ayuda al Doctor Strange para recuperar su secreto, el hechizo crea un agujero en su mundo, liberando a los villanos más poderosos que han luchado con cualquier Spider-Man, en cualquier universo. Ahora Peter debe de superar su reto más grande, que no solo alterara su propio futuro pero el del multiverso, forzándolo a descubrir lo que realmente significa ser Spider-Man.	2021	120	PG-13	es	\N	https://image.tmdb.org/t/p/w600_and_h900_bestv2/miZFgV81xG324rpUknQX8dtXuBl.jpg	https://image.tmdb.org/t/p/original/zD5v1E4joAzFvmAEytt7fM3ivyT.jpg	xnhGsKgt0Sg	\N	7.9330	5.0000	1	f	f	t	\N	2026-05-18 00:00:18.844463-05	2026-05-18 00:00:18.844491-05
4262	\N	Synchronic: Los límites del tiempo	\N	el-limite-del-tiempo	Dos paramédicos de Nueva Orleans ven cómo sus vidas cambian de la noche a la mañana tras descubrir una serie de terribles muertes, al parecer causadas por una nueva droga de diseño que está causando estragos en la ciudad.	2020	102	\N	\N	\N	https://media.themoviedb.org/t/p/w600_and_h900_face/r80dsOgwo2OPXYpqDrsNgicb3kd.jpg		https://youtu.be/vY6WxuLQxPA	\N	0.0000	4.7000	0	f	f	t	1	2026-05-21 15:57:57.513284-05	2026-05-22 13:48:50.487942-05
3984	\N	Hoppers: Operación castor	Hoppers	hoppers-operacion-castor	Mabel, una amante de los animales, utiliza una nueva e inteligente tecnología diseñada para "transmitir" la conciencia humana a animales robóticos realistas en un intento de comunicarse con los castores, descubriendo misterios dentro del mundo animal más allá de lo que pudiera haber imaginado.	2026	120	PG-13	es	\N	https://image.tmdb.org/t/p/w600_and_h900_bestv2/7NRpCaksHX0FEsXCNITOvhq7cZ3.jpg	https://image.tmdb.org/t/p/original/u53UYu5XG2hNgWGvs3xGhAVzypl.jpg	9P_3xFt3HBk	\N	8.0480	5.0000	1	f	f	t	\N	2026-05-17 22:57:12.692968-05	2026-05-17 22:57:12.692989-05
4259	\N	Venganza Implacable	\N	venganza-implacable	Después de que su esposa e hija sean brutalmente asesinadas a manos de unos misteriosos sicarios vinculados a un sanguinario sindicato del crimen organizado, An Bai (Tony Jaa), un veterano experto en Muay Thai, se propone desentrañar la verdad e inicia una implacable misión de venganza.	2024	101	\N	\N	\N	https://media.themoviedb.org/t/p/w600_and_h900_face/h8DNi9XJKUS2nOzU5qEFEg7R0N6.jpg		https://youtu.be/TrfooLjn7YY	\N	0.0000	4.8000	0	f	f	t	1	2026-05-21 15:57:57.506137-05	2026-05-22 13:55:55.041066-05
4239	\N	John Wick: Capítulo 3 - Parabellum	John Wick: Capítulo 3 - Parabellum	john-wick-capitulo-3-parabellum	Con una recompensa de 14 millones sobre su cabeza, John lucha para escapar de Nueva York.	2019	130	PG-13	Español	USA	https://image.tmdb.org/t/p/w600_and_h900_bestv2/ziEuG1essDuWuC5lpWUaw1uXY2O.jpg	https://image.tmdb.org/t/p/original/vVpKiVsqJh2MacM5k4i4dK9BBRV.jpg	pU8-7BX9KNI	7.4	7.4000	7.4000	50000	f	f	t	3	2026-05-19 08:47:17.4016-05	2026-05-19 08:47:17.40161-05
4045	\N	El Señor de los Anillos: La Comunidad del Anillo	El Señor de los Anillos: La Comunidad del Anillo	el-senor-de-los-anillos-la-comunidad-del-anillo	Un modesto hobbit de la Comarca y ocho compañeros emprenden un viaje para destruir el poderoso Anillo Único.	2001	178	PG-13	Español	USA	https://image.tmdb.org/t/p/w600_and_h900_bestv2/6oom5QYQ2yQTMJIbnvbkBL9cHo6.jpg	https://image.tmdb.org/t/p/original/bQLmMUVyvwWJk2H6h5L9I86g0Uu.jpg	V75dSyETjR4	8.8	8.8000	8.8000	50000	f	f	t	1	2026-05-17 22:58:18.630772-05	2026-05-19 08:47:17.412946-05
4043	\N	El Señor de los Anillos: El Retorno del Rey	El Señor de los Anillos: El Retorno del Rey	el-senor-de-los-anillos-el-retorno-del-rey	La batalla final por la Tierra Media comienza mientras Frodo y Sam se acercan al Monte del Destino.	2003	201	PG-13	Español	USA	https://image.tmdb.org/t/p/w600_and_h900_bestv2/rCzpDGLbOoPwLjy3OAm5NUPOTrC.jpg	https://image.tmdb.org/t/p/original/8BPZO0Bf8TeAy8znF43z8soK3ys.jpg	r5X-hFf6Bwo	9.0	9.0000	9.0000	50000	f	f	t	4	2026-05-17 22:58:16.430495-05	2026-05-19 08:47:17.416768-05
4245	\N	Spider-Man: Un Nuevo Universo	Spider-Man: Un Nuevo Universo	spider-man-un-nuevo-universo	El adolescente Miles Morales se convierte en el Spider-Man de su universo.	2018	117	PG-13	Español	USA	https://image.tmdb.org/t/p/w600_and_h900_bestv2/iiZZdoQBEYBv6id8su7ImL0oCbD.jpg	https://image.tmdb.org/t/p/original/ka1aT4MElSLQaleBhZ6LxvMxkAR.jpg	tg52up16eq0	8.4	8.4000	8.4000	50000	f	f	t	1	2026-05-19 08:47:17.422452-05	2026-05-19 08:47:17.422459-05
4247	\N	The Matrix	The Matrix	the-matrix	Un hacker descubre la verdadera naturaleza de su realidad y su rol en la guerra.	1999	136	PG-13	Español	USA	https://image.tmdb.org/t/p/w600_and_h900_bestv2/f89U3ADr1oiB1s9GkdPOEpXUk5H.jpg	https://image.tmdb.org/t/p/original/pxOiKwRvNp3zFOiuwpYpzlGW8qO.jpg	vKQi3bN9ZgM	8.7	8.7000	8.7000	50000	f	f	t	1	2026-05-19 08:47:17.430869-05	2026-05-19 08:47:17.430876-05
4250	\N	Gladiador	Gladiador	gladiador	Tras la muerte del emperador Marco Aurelio, su astuto hijo toma el poder y degrada a Máximo, uno de los generales más capaces de Roma, a quien Marco Aurelio prefería. Finalmente, Máximo se ve obligado a convertirse en gladiador y luchar a muerte contra otros hombres para el entretenimiento de un público que paga por verlo.	2000	155	PG-13	Español	USA	https://media.themoviedb.org/t/p/w600_and_h900_face/wN2xWp1eIwCKOD0BHTcErTBv1Uq.jpg		owK1qxDselE	8.5	8.5000	8.5000	50000	f	f	t	1	2026-05-19 08:47:17.443075-05	2026-05-19 09:18:10.091538-05
4249	\N	The Matrix Revoluciones	The Matrix Revoluciones	the-matrix-revoluciones	La ciudad humana de Zion se defiende de la invasión masiva de las máquinas mientras Neo lucha por poner fin a la guerra en otro frente, al tiempo que se opone al renegado Agente Smith.	2003	129	PG-13	Español	USA	https://media.themoviedb.org/t/p/w600_and_h900_face/bkkS61w94ZVMNVd8KEyyJl2tnY5.jpg		Njr2gQ1jY4o	6.7	6.7000	6.7000	50000	f	f	t	2	2026-05-19 08:47:17.434138-05	2026-05-19 09:18:53.533538-05
4248	\N	The Matrix Recargado	The Matrix Recargado	the-matrix-recargado	La Resistencia crece en número a medida que los humanos son liberados de la Matrix y llevados a la ciudad de Sion. Neo descubre sus superpoderes, incluyendo la capacidad de ver el código dentro de la Matrix. Con centinelas mecánicos excavando hasta Sion en 72 horas, Neo, Morfeo y Trinity deben encontrar al Creador de Llaves para finalmente llegar a la Fuente.	2003	138	PG-13	Español	USA	https://media.themoviedb.org/t/p/w600_and_h900_face/aA5qHS0FbSXO8PxcxUIHbDrJyuh.jpg		HVrGMhEEwKk	7.2	7.2000	7.2000	50000	f	f	t	2	2026-05-19 08:47:17.432516-05	2026-05-19 09:25:59.550954-05
4246	\N	Avatar: El Camino del Agua	Avatar: El Camino del Agua	avatar-el-camino-del-agua	Ambientada más de una década después de los acontecimientos de la primera película, descubre la historia de la familia Sully (Jake, Neytiri y sus hijos), los problemas que les persiguen, hasta dónde llegan para protegerse mutuamente, las batallas que libran para sobrevivir y las tragedias que sufren.	2022	192	PG-13	Español	USA	https://media.themoviedb.org/t/p/w600_and_h900_face/t6HIqrRAclMCA60NsSmeqe9RmNV.jpg		a8Gx8wiNbs8	7.6	7.6000	7.6000	50000	f	f	t	3	2026-05-19 08:47:17.428217-05	2026-05-19 09:27:10.226821-05
4244	\N	Dune: Parte Dos	Dune: Parte Dos	dune-parte-dos	Sigue la mítica aventura de Paul Atreides mientras se une a Chani y los Fremen en su búsqueda de venganza contra los conspiradores que destruyeron a su familia. Ante la disyuntiva de elegir entre el amor de su vida y el destino del universo conocido, Paul se esfuerza por evitar un futuro terrible que solo él puede prever.	2024	166	PG-13	Español	USA	https://media.themoviedb.org/t/p/w600_and_h900_face/1pdfLvkbY9ohJlCjQH2CZjjYVvJ.jpg		Way9Dexny3w	8.8	8.8000	8.8000	50000	f	f	t	4	2026-05-19 08:47:17.420551-05	2026-05-19 09:27:52.722583-05
4241	\N	Batman Inicia	Batman Inicia	batman-inicia	Impulsado por la tragedia, el multimillonario Bruce Wayne dedica su vida a descubrir y erradicar la corrupción que asola su ciudad natal, Gotham City. Incapaz de trabajar dentro del sistema, crea una nueva identidad, un símbolo de terror para el mundo criminal: Batman.	2005	140	PG-13	Español	USA	https://media.themoviedb.org/t/p/w600_and_h900_face/sPX89Td70IDDjVr85jdSBb4rWGr.jpg		neY2xVmOfUM	8.2	8.2000	8.2000	50000	f	f	t	1	2026-05-19 08:47:17.406538-05	2026-05-19 09:29:00.722135-05
4240	\N	John Wick 4	John Wick 4	john-wick-4	Con la recompensa por su cabeza en constante aumento, John Wick descubre un camino para derrotar a la Alta Mesa. Pero antes de poder alcanzar la libertad, Wick debe enfrentarse a un nuevo enemigo con poderosas alianzas en todo el mundo y fuerzas que convierten a viejos amigos en adversarios.	2023	169	PG-13	Español	USA	https://media.themoviedb.org/t/p/w600_and_h900_face/vZloFAK7NmvMGKE7VkF5UHaz0I.jpg		yjRHZEUamCc	7.8	7.8000	7.8000	50000	f	f	t	4	2026-05-19 08:47:17.404269-05	2026-05-19 09:29:56.592097-05
4238	\N	John Wick: Capítulo 2	John Wick: Capítulo 2	john-wick-capitulo-2	John Wick se ve obligado a salir de su retiro por un antiguo socio que busca hacerse con el control de un clandestino gremio internacional de asesinos. Obligado por un juramento de sangre a ayudarlo, Wick viaja a Roma y se enfrenta a algunos de los asesinos más peligrosos del mundo.	2017	122	PG-13	Español	USA	https://media.themoviedb.org/t/p/w600_and_h900_face/hXWBc0ioZP3cN4zCu6SN3YHXZVO.jpg		XGk2EfbD_Cs	7.4	7.4000	7.4000	50000	f	f	t	2	2026-05-19 08:47:17.396232-05	2026-05-19 09:31:41.698973-05
4257	\N	G.I. Joe	\N	mision-peligrosa	G. I. Joe es el nombre en clave de una fuerza especial altamente entrenada cuya misión fundamental es defender la libertad humana y la paz mundial. Los valerosos Joes son hombres y mujeres de coraje, dueños de una mezcla dinámica de talentos especiales, personalidad e ingenuidad. Dotados de algunas de las armas más sofisticadas que puedan concebirse, estos individuos constituyen la fuerza más formidable de combate del mundo.	2009	108	\N	\N	\N	https://media.themoviedb.org/t/p/w600_and_h900_face/55BMS8gGhXhhVYEDnM0ktRgQNF.jpg		https://youtu.be/16ZDEUUOPiM	\N	0.0000	4.6000	0	f	f	t	1	2026-05-21 15:57:57.501154-05	2026-05-22 14:09:47.541941-05
4256	\N	Atrapados en la Oscuridad	\N	atrapados-en-la-oscuridad	Viajando por la desolada carretera de un valle interminable, Alan y Jill detienen su vehículo para llevar a sus hijos adolescentes a una caminata por la naturaleza de Nueva Zelanda. Cuando paran para disfrutar de un aperitivo, dos vagabundos aparecen de la nada y rodean a la pacífica familia. En un inesperado acto de violencia secuestran a la familia, lo que desata una serie de acontecimientos de los que no existe escapatoria.	2021	93	\N	\N	\N	https://media.themoviedb.org/t/p/w600_and_h900_face/ubDpUo7z5Kz8HMz2qv2bS66Y9uo.jpg		https://youtu.be/l6fHkOcz1II	\N	0.0000	4.6000	0	f	f	t	1	2026-05-21 15:57:57.498283-05	2026-05-22 14:12:02.544955-05
4254	\N	Insidious: La puerta roja	\N	la-noche-del-demonio-5	Para enterrar sus demonios de una vez por todas, Josh Lambert y un ya universitario Dalton Lambert, deberán profundizar en El Mas Allá (The Further) más que nunca, enfrentándose al oscuro pasado familiar y a un huésped de nuevos horrores terroríficos que acechan tras la puerta roja.	2023	107	\N	\N	\N	https://media.themoviedb.org/t/p/w600_and_h900_face/wD4eLIHUaTvrXQqAzlfduHQ1NYg.jpg		https://youtu.be/gp4Z6bZ5tVU	\N	0.0000	4.7000	0	f	f	t	1	2026-05-21 15:57:57.492962-05	2026-05-22 14:15:26.32899-05
4253	\N	Paranormal Activity: Los señalados	\N	actividad-paranormal-origenes	'Spin-off' de la saga Paranormal Activity. Después de ser "señalado", Jesse (Andrew Jacobs, Angel of Death) empieza a ser perseguido por fuerzas misteriosas que harán de su vida un infierno. Su familia hará todo lo posible por salvarle, aunque eso no les va a resultar nada sencillo. Así, comenzará una dura lucha entre el bien y el mal, en la que no queda claro quién acabará venciendo a quien.	2014	84	\N	\N	\N	https://media.themoviedb.org/t/p/w600_and_h900_face/ykyXkeoUb4RDUge7ZfiiIuVJ1bG.jpg		https://youtu.be/_whQMDFHDL0	\N	0.0000	4.2000	0	f	f	t	1	2026-05-21 15:57:57.486447-05	2026-05-22 14:17:13.679095-05
4128	\N	Whiplash: Música y Obsesión	Whiplash	whiplash-musica-y-obsesion	El objetivo de Andrew Neiman, un joven y ambicioso baterista de jazz, es triunfar en el elitista Conservatorio de Música de la Costa Este en el que estudia. Marcado por el fracaso de la carrera literaria de su padre, Andrew alberga sueños de grandeza. Terence Fletcher, un profesor conocido tanto por su talento como por sus rigurosos métodos de enseñanza, dirige el mejor conjunto de jazz del Conservatorio. Cuando Fletcher elige a Andrew y para formar parte del conjunto musical que dirige, cambia para siempre la vida del joven. La pasión de Andrew por alcanzar la perfección se convierte en obsesión, al tiempo que su despiadado profesor lo lleva al límite de su capacidad y de su salud mental.	2014	120	PG-13	es	\N	https://image.tmdb.org/t/p/w600_and_h900_bestv2/uy36CPy5ARuC8qrH8Esg2ndFyJ5.jpg	https://image.tmdb.org/t/p/original/wbQa0EnWUyRzQ5d1pHLNRlmsCUP.jpg	Q7kZy3T6vRM	\N	8.3750	4.0000	1	f	f	t	\N	2026-05-17 22:59:52.975458-05	2026-05-17 22:59:52.975476-05
3885	\N	John Wick	John Wick	john-wick	Un ex-asesino a sueldo sale de su retiro para rastrear a los mafiosos que mataron a su perro.	2014	101	PG-13	Español	USA	https://image.tmdb.org/t/p/w600_and_h900_bestv2/fZPSd91yGE9fCcCe6OoQr6E3Bev.jpg	https://image.tmdb.org/t/p/original/mMZRKb3NVTcgDjlKhX9XOp8U0Lq.jpg	C0BMx-qxsP4	7.4	7.4000	7.4000	50000	f	f	t	1	2026-05-16 23:14:39.079592-05	2026-05-19 08:47:17.389876-05
3891	\N	The Grand Budapest Hotel	The Grand Budapest Hotel	the-grand-budapest-hotel	Un legendario conserje de un famoso hotel europeo de entreguerras se hace amigo de un joven empleado que se convierte en su protegido de confianza.	2014	99	PG-13	English	USA	https://image.tmdb.org/t/p/w600_and_h900_bestv2/eWdyYQreja6JGCzqHWXpWHDrrPo.jpg	https://image.tmdb.org/t/p/original/9udCLTxTFl28RxnK8Q05E154ZGa.jpg	G1jG8HUY4zI	8.1	8.1000	8.1000	50000	f	f	t	\N	2026-05-16 23:14:39.10526-05	2026-05-17 22:54:51.139344-05
3892	\N	Knives Out	Knives Out	knives-out	Un detective investiga la muerte del patriarca de una familia excéntrica y combativa.	2019	130	PG-13	English	USA	https://image.tmdb.org/t/p/w600_and_h900_bestv2/pThyQovXQrw2m0s9x82twj48Jq4.jpg	https://image.tmdb.org/t/p/original/vttX8oGvKDFEn3LLi3oHhHRpnvN.jpg	OOp-7VzY_Zg	7.9	7.9000	7.9000	50000	f	f	t	\N	2026-05-16 23:14:39.10915-05	2026-05-17 22:54:52.750946-05
3893	\N	Superbad	Superbad	superbad	Dos adolescentes a punto de graduarse planean una fiesta épica para perder su virginidad antes de ir a la universidad.	2007	113	PG-13	English	USA	https://image.tmdb.org/t/p/w600_and_h900_bestv2/ek8e8txUyUwd2BNqj6lFEerJfbq.jpg	https://image.tmdb.org/t/p/original/coru98UcFBzJIU7bxZguxaePgu0.jpg	MuhWxdD0qno	7.6	7.6000	4.0000	1	f	f	t	\N	2026-05-16 23:14:39.112579-05	2026-05-17 22:54:54.864601-05
3903	\N	A Quiet Place	A Quiet Place	a-quiet-place	En un mundo post-apocalíptico, una familia debe vivir en silencio para esconderse de monstruos con oídos ultrasensibles.	2018	90	PG-13	English	USA	https://image.tmdb.org/t/p/w600_and_h900_bestv2/nAU74GmpUk7t5iklEp3bufwDq4n.jpg	https://image.tmdb.org/t/p/original/roYyPiQnQiFGQIf6MkZhqhR3Kpf.jpg	imzbX2JBu3A	7.5	7.5000	5.0000	1	f	f	t	\N	2026-05-16 23:14:39.146878-05	2026-05-17 22:55:08.694295-05
3887	\N	Avatar	Avatar	avatar	Un marine parapléjico es enviado a la luna Pandora en una misión única.	2009	162	PG-13	Español	USA	https://image.tmdb.org/t/p/w600_and_h900_bestv2/jRXYjXNq0Cs2TcJjLkki24MLp7u.jpg	https://image.tmdb.org/t/p/original/o0s4XsEDfDlvit5pDRKjzXR4pp2.jpg	5PSNL1qE6VY	7.9	7.9000	7.9000	50000	f	f	t	1	2026-05-16 23:14:39.087328-05	2026-05-19 08:47:17.426187-05
3896	\N	The Shawshank Redemption	The Shawshank Redemption	the-shawshank-redemption	Dos hombres encarcelados se hacen amigos a lo largo de los años, encontrando consuelo y redención final a través de actos de decencia común.	1994	142	PG-13	English	USA	https://image.tmdb.org/t/p/w600_and_h900_bestv2/q6y0Go1tsGEsmtFryDOJo3dEmqu.jpg	https://image.tmdb.org/t/p/original/kXfqcdQKsToO0OUXHcrrNCHDBzO.jpg	PLl99DlL6b4	9.3	9.3000	4.0000	1	f	f	t	\N	2026-05-16 23:14:39.125753-05	2026-05-17 22:54:58.214826-05
3888	\N	Spirited Away	Spirited Away	spirited-away	Durante la mudanza de su familia a los suburbios, una niña de 10 años deambula por un mundo gobernado por dioses y espíritus.	2001	125	PG-13	English	USA	https://image.tmdb.org/t/p/w600_and_h900_bestv2/39wmItIWsg5sZMyRUHLkWBcuVCM.jpg	https://image.tmdb.org/t/p/original/dyJvKsNs2KP8qQnAXbRwDjblViy.jpg	GAp2_0JJskk	8.6	8.6000	8.6000	50000	f	f	t	\N	2026-05-16 23:14:39.092213-05	2026-05-17 22:54:47.422263-05
3890	\N	Coco	Coco	coco	El aspirante a músico Miguel, entra en la Tierra de los Muertos para encontrar a su bisabuelo, un cantante legendario.	2017	105	PG-13	English	USA	https://image.tmdb.org/t/p/w600_and_h900_bestv2/6Ryitt95xrO8KXuqRGm1fUuNwqF.jpg	https://image.tmdb.org/t/p/original/g7CHF8gTLGooTbP4GznIGwaqAGL.jpg	dFy0wYW3LBo	8.4	8.4000	8.4000	50000	f	f	t	\N	2026-05-16 23:14:39.100227-05	2026-05-17 22:54:48.984695-05
3895	\N	The Batman	The Batman	the-batman	Cuando el Acertijo, un asesino en serie, comienza a asesinar a figuras políticas clave en Gotham, Batman se ve obligado a investigar la corrupción oculta de la ciudad.	2022	176	PG-13	English	USA	https://image.tmdb.org/t/p/w600_and_h900_bestv2/74xTEgt7R36Fpooo50r9T25onhq.jpg	https://image.tmdb.org/t/p/original/b0PlSFdDwbyK0cf5RxwDpaOJQvQ.jpg	vc7_mH2PWHs	7.9	7.9000	7.9000	50000	f	f	t	\N	2026-05-16 23:14:39.121715-05	2026-05-17 22:54:56.551081-05
3902	\N	Hereditary	Hereditary	hereditary	Una familia en duelo está atormentada por sucesos trágicos y perturbadores tras la muerte de su abuela secretista.	2018	127	PG-13	English	USA	https://image.tmdb.org/t/p/w600_and_h900_bestv2/hjlZSXM86wJrfCv5VKfR5DI2VeU.jpg	https://image.tmdb.org/t/p/original/gJbTXKNTL6O7r7PzF6ZRkJGBlPp.jpg	MJNR58zaStE	7.3	7.3000	5.0000	1	f	f	t	\N	2026-05-16 23:14:39.144593-05	2026-05-17 22:55:07.4254-05
3898	\N	The Whale	The Whale	the-whale	Un solitario profesor de inglés que sufre de obesidad severa intenta reconectarse con su hija adolescente en una última oportunidad de redención.	2022	117	PG-13	English	USA	https://image.tmdb.org/t/p/w600_and_h900_bestv2/jQ0gylJMxWSL490sy0RrPj1Lj7e.jpg	https://image.tmdb.org/t/p/original/7k8TdtCOBRFJV4YjWN8JYIM7Vm7.jpg	nWiQodhMvz4	7.7	7.7000	7.7000	50000	f	f	t	\N	2026-05-16 23:14:39.132795-05	2026-05-17 22:55:01.218722-05
3899	\N	Harry Potter and the Sorcerer's Stone	Harry Potter and the Sorcerer's Stone	harry-potter-and-the-sorcerer-s-stone	Un niño huérfano descubre que es un mago y es enviado a la Escuela de Magia y Hechicería de Hogwarts.	2001	152	PG-13	English	USA	https://image.tmdb.org/t/p/w600_and_h900_bestv2/wuMc08IPKEatf9rnMNXvIDxqP4W.jpg	https://image.tmdb.org/t/p/original/1XAC6RPT01UX9EQGy2JVn5c8pgy.jpg	ZgrCZVjPg9g	7.6	7.6000	7.6000	50000	f	f	t	\N	2026-05-16 23:14:39.136263-05	2026-05-17 22:55:02.499667-05
3900	\N	Pan's Labyrinth	Pan's Labyrinth	pan-s-labyrinth	En la España posterior a la Guerra Civil, la hijastra de un oficial sádico del ejército explora un misterioso laberinto donde encuentra a una criatura mágica.	2006	118	PG-13	English	USA	https://image.tmdb.org/t/p/w600_and_h900_bestv2/z7xXihu5wHuSMWymq5VAulPVuvg.jpg	https://image.tmdb.org/t/p/original/6G6nqSW9S7EHA9HrYl0Z8uo2H7f.jpg	6tYUOAMsydg	8.2	8.2000	8.2000	50000	f	f	t	\N	2026-05-16 23:14:39.139448-05	2026-05-17 22:55:04.138801-05
3894	\N	The Departed	The Departed	the-departed	Un policía encubierto y un topo en la policía intentan identificarse mutuamente mientras se infiltran en una pandilla irlandesa en Boston.	2006	151	PG-13	English	USA	https://image.tmdb.org/t/p/w600_and_h900_bestv2/nT97ifVT2J1yMQmeq20Qblg61T.jpg	https://image.tmdb.org/t/p/original/8Z4cBhI7KUP7nTclvrfxiPVMRH4.jpg	r-MiSNsCdQ4	8.5	8.5000	8.5000	50000	f	f	t	\N	2026-05-16 23:14:39.116509-05	2026-05-17 22:54:43.832387-05
3897	\N	Oppenheimer	Oppenheimer	oppenheimer	La historia del científico J. Robert Oppenheimer y su rol en la bomba atómica.	2023	180	PG-13	Español	USA	https://image.tmdb.org/t/p/w600_and_h900_bestv2/8Gxv8gSFCU0XGDykEGv7zR1n2ua.jpg	https://image.tmdb.org/t/p/original/rLb2cwF3Pazuxaj0sRXQ037tGI1.jpg	uYPbbksJxIg	8.4	8.4000	8.4000	50000	f	f	t	4	2026-05-16 23:14:39.129493-05	2026-05-19 08:47:17.447558-05
3906	\N	Blade Runner 2049	Blade Runner 2049	blade-runner-2049	El descubrimiento de un secreto enterrado durante mucho tiempo lleva a un nuevo Blade Runner a rastrear al ex Blade Runner Rick Deckard, quien ha estado desaparecido durante treinta años.	2017	164	PG-13	English	USA	https://image.tmdb.org/t/p/w600_and_h900_bestv2/gajva2L0rPYkEWjzgFlBXCAVBE5.jpg	https://image.tmdb.org/t/p/original/sO4CsxGGVx4aoXHGAGQ8V3qGR22.jpg	geFtxCSz8xI	8.0	8.0000	8.0000	50000	f	f	t	\N	2026-05-16 23:14:39.154104-05	2026-05-17 22:55:19.168743-05
3909	\N	Eternal Sunshine of the Spotless Mind	Eternal Sunshine of the Spotless Mind	eternal-sunshine-of-the-spotless-mind	Cuando su relación se vuelve amarga, una pareja se somete a un procedimiento médico para borrarse mutuamente de sus memorias para siempre.	2004	108	PG-13	English	USA	https://image.tmdb.org/t/p/w600_and_h900_bestv2/5MwkWH9tYHv3mV9OdYTMR5qreIz.jpg	https://image.tmdb.org/t/p/original/W1ffLQGHoxfAOq0ZYdPtJlvAdb.jpg	c2e-bj6qy8Y	8.3	8.3000	8.3000	50000	f	f	t	\N	2026-05-16 23:14:39.159724-05	2026-05-17 22:55:24.209007-05
3910	\N	Pride & Prejudice	Pride & Prejudice	pride-prejudice	La chispa vuela entre Elizabeth Bennet y el Sr. Darcy a medida que superan su propio orgullo y los prejuicios de su sociedad.	2005	129	PG-13	English	USA	https://image.tmdb.org/t/p/w600_and_h900_bestv2/o8UhmEbWPHmTUxP0lMuCoqNkbB3.jpg	https://image.tmdb.org/t/p/original/1Onam6oWyFAUCcoxtdWkACtEiNr.jpg	tbW-pmLT5UU	7.8	7.8000	7.8000	50000	f	f	t	\N	2026-05-16 23:14:39.161787-05	2026-05-17 22:55:25.857956-05
3911	\N	Gone Girl	Gone Girl	gone-girl	Con el misterioso caso de la desaparición de su esposa en el ojo público, un hombre ve cómo los medios empiezan a enfocarse en él.	2014	149	PG-13	English	USA	https://image.tmdb.org/t/p/w600_and_h900_bestv2/ts996lKsxvjkO2yiYG0ht4qAicO.jpg	https://image.tmdb.org/t/p/original/iWak7wT0j6ycCc8lKr4NBz9c7n5.jpg	2-_-1nJf8Vg	8.1	8.1000	8.1000	50000	f	f	t	\N	2026-05-16 23:14:39.163812-05	2026-05-17 22:55:27.521452-05
3912	\N	Shutter Island	Shutter Island	shutter-island	Un alguacil de EE.UU. investiga la desaparición de una asesina que escapó de un hospital para delincuentes dementes.	2010	138	PG-13	English	USA	https://image.tmdb.org/t/p/w600_and_h900_bestv2/kve20tXwUZpu4GUX8l6X7Z4jmL6.jpg	https://image.tmdb.org/t/p/original/jHPdRd7P0GYmpAXzCpS5bHxWM2s.jpg	qdPw9x9h5CY	8.2	8.2000	8.2000	50000	f	f	t	\N	2026-05-16 23:14:39.16623-05	2026-05-17 22:55:29.219311-05
3913	\N	Tenet	Tenet	tenet	Armado solo con una palabra, un agente viaja a través del mundo del espionaje internacional en una misión que se desarrollará en algo más allá del tiempo real.	2020	150	PG-13	English	USA	https://image.tmdb.org/t/p/w600_and_h900_bestv2/k68nPLbIST6NP96JmTxmZijEvCA.jpg	https://image.tmdb.org/t/p/original/wzJRB4MKi3yK138bJyuL9nx47y6.jpg	CdRL6o8z-2A	7.4	7.4000	7.4000	50000	f	f	t	\N	2026-05-16 23:14:39.168674-05	2026-05-17 22:55:30.483989-05
2188	2256	Parasite	Parasite	parasite	Una familia pobre se infiltra en la casa de una familia adinerada con un oscuro secreto.	2019	132	PG-13	Español	USA	https://i1-e.pinimg.com/1200x/59/7a/1e/597a1e33028dc6845a4e1078eb743f56.jpg	https://image.tmdb.org/t/p/original/ApiBzeaa95TNYLieFkPMamMibei.jpg	5xH0HfJHsaY	8.5	8.5000	8.5000	50000	f	f	t	4	2026-05-16 18:15:10.041116-05	2026-05-22 14:25:09.111009-05
3904	\N	Get Out	Get Out	get-out	Un joven afroamericano visita a la familia de su novia blanca, donde pronto se da cuenta del oscuro y perturbador secreto que esconden.	2017	104	PG-13	English	USA	https://image.tmdb.org/t/p/w600_and_h900_bestv2/mE24wUCfjK8AoBBjaMjho7Rczr7.jpg	https://image.tmdb.org/t/p/original/o8dPH0ZSIyyViP6rjRX1djwCUwI.jpg	gsB70ZRY-hI	7.7	7.7000	5.0000	1	f	f	t	\N	2026-05-16 23:14:39.149405-05	2026-05-17 22:55:15.844062-05
3905	\N	Inception	Inception	inception	Un ladrón de sueños es contratado para la tarea más difícil de su vida: plantar una idea en el subconsciente del heredero de un imperio empresarial.	2010	148	PG-13	English	USA	https://image.tmdb.org/t/p/w600_and_h900_bestv2/9gk7adHYeDvHkCSEqAvQNLV5Uge.jpg	https://image.tmdb.org/t/p/original/s3TBrRGB1iav7gFOCNx3H31MoES.jpg	cdx31ak4KbQ	8.8	8.8000	8.8000	50000	f	f	t	\N	2026-05-16 23:14:39.152015-05	2026-05-17 22:55:17.520776-05
3907	\N	Ex Machina	Ex Machina	ex-machina	Un joven programador es seleccionado para participar en un experimento de vanguardia en inteligencia artificial evaluando las cualidades humanas de una I.A. humanoide altamente avanzada.	2014	108	PG-13	English	USA	https://image.tmdb.org/t/p/w600_and_h900_bestv2/dmJW8IAKHKxFNiUnoDR7JfsK7Rp.jpg	https://image.tmdb.org/t/p/original/uqOuJ50EtTj7kkDIXP8LCg7G45D.jpg	sDkEF7Db7Gw	7.7	7.7000	7.7000	50000	f	f	t	\N	2026-05-16 23:14:39.156142-05	2026-05-17 22:55:20.858231-05
1953	2021	Dune	Dune	dune	Paul Atreides viaja al planeta más peligroso del universo para asegurar el futuro de su familia.	2021	155	PG-13	Español	USA	https://image.tmdb.org/t/p/w600_and_h900_bestv2/d5NXSklXo0qyIYkgV94XAgMIckC.jpg	https://image.tmdb.org/t/p/original/jYEW5xZkZk2WTrdbMGAPFuBqbDc.jpg	n9xhJrPXop4	8.0	8.0000	8.0000	50000	f	f	t	2	2026-05-16 18:15:09.431035-05	2026-05-19 08:47:17.418411-05
\.


--
-- TOC entry 5264 (class 0 OID 16721)
-- Dependencies: 244
-- Data for Name: password_reset_tokens; Type: TABLE DATA; Schema: public; Owner: postgres
--

COPY public.password_reset_tokens (id, user_id, token, expires_at, used, created_at) FROM stdin;
\.


--
-- TOC entry 5245 (class 0 OID 16487)
-- Dependencies: 225
-- Data for Name: people; Type: TABLE DATA; Schema: public; Owner: postgres
--

COPY public.people (id, full_name, slug, birth_date, nationality, photo_url, bio) FROM stdin;
\.


--
-- TOC entry 5253 (class 0 OID 16582)
-- Dependencies: 233
-- Data for Name: ratings; Type: TABLE DATA; Schema: public; Owner: postgres
--

COPY public.ratings (id, user_id, movie_id, rating, liked, review, created_at, updated_at) FROM stdin;
37	7	3954	4.0	t	buenaza	2026-05-22 14:54:14.098047-05	2026-05-22 14:54:19.538646-05
38	7	3893	4.0	t	super buena	2026-05-22 14:54:43.54132-05	2026-05-22 14:54:53.205859-05
26	1	3963	5.0	t	super buena	2026-05-21 16:01:06.601656-05	2026-05-21 16:01:16.635432-05
27	1	3903	5.0	t	super buena	2026-05-21 16:01:34.820251-05	2026-05-21 16:01:39.70195-05
36	6	4133	4.0	t	super buena	2026-05-22 14:35:48.452316-05	2026-05-22 14:36:00.164702-05
34	6	3929	4.0	t	super buena	2026-05-22 14:34:32.616279-05	2026-05-22 14:36:16.905344-05
35	6	4128	4.0	t	buenaza	2026-05-22 14:34:57.826819-05	2026-05-22 14:36:39.743749-05
\.


--
-- TOC entry 5258 (class 0 OID 16658)
-- Dependencies: 238
-- Data for Name: recommendations; Type: TABLE DATA; Schema: public; Owner: postgres
--

COPY public.recommendations (id, user_id, movie_id, score, rank, model_version, generated_at, expires_at) FROM stdin;
936	7	4018	1.000000	1	1.0	2026-05-22 14:55:14.523317-05	2026-05-23 14:55:14.486471-05
937	7	4019	0.995400	2	1.0	2026-05-22 14:55:14.530488-05	2026-05-23 14:55:14.486471-05
938	7	3891	0.979766	3	1.0	2026-05-22 14:55:14.53332-05	2026-05-23 14:55:14.486471-05
939	7	3892	0.971624	4	1.0	2026-05-22 14:55:14.537151-05	2026-05-23 14:55:14.486471-05
940	7	4012	0.959614	5	1.0	2026-05-22 14:55:14.539957-05	2026-05-23 14:55:14.486471-05
941	7	4011	0.951756	6	1.0	2026-05-22 14:55:14.54371-05	2026-05-23 14:55:14.486471-05
942	7	4171	0.949762	7	1.0	2026-05-22 14:55:14.546129-05	2026-05-23 14:55:14.486471-05
943	7	4170	0.937589	8	1.0	2026-05-22 14:55:14.550697-05	2026-05-23 14:55:14.486471-05
944	7	4013	0.936204	9	1.0	2026-05-22 14:55:14.553034-05	2026-05-23 14:55:14.486471-05
945	7	3955	0.934983	10	1.0	2026-05-22 14:55:14.556824-05	2026-05-23 14:55:14.486471-05
946	7	4016	0.930912	11	1.0	2026-05-22 14:55:14.558801-05	2026-05-23 14:55:14.486471-05
947	7	4014	0.930546	12	1.0	2026-05-22 14:55:14.562615-05	2026-05-23 14:55:14.486471-05
948	7	4168	0.925619	13	1.0	2026-05-22 14:55:14.564555-05	2026-05-23 14:55:14.486471-05
949	7	4169	0.924317	14	1.0	2026-05-22 14:55:14.566436-05	2026-05-23 14:55:14.486471-05
950	7	4015	0.922770	15	1.0	2026-05-22 14:55:14.5701-05	2026-05-23 14:55:14.486471-05
966	1	4197	1.000000	1	1.0	2026-05-25 08:37:48.543534-05	2026-05-26 08:37:48.508984-05
967	1	4061	0.995588	2	1.0	2026-05-25 08:37:48.555357-05	2026-05-26 08:37:48.508984-05
968	1	3904	0.979865	3	1.0	2026-05-25 08:37:48.559767-05	2026-05-26 08:37:48.508984-05
969	1	4193	0.970569	4	1.0	2026-05-25 08:37:48.563466-05	2026-05-26 08:37:48.508984-05
970	1	3902	0.962729	5	1.0	2026-05-25 08:37:48.568647-05	2026-05-26 08:37:48.508984-05
971	1	3962	0.954162	6	1.0	2026-05-25 08:37:48.573165-05	2026-05-26 08:37:48.508984-05
972	1	4195	0.945594	7	1.0	2026-05-25 08:37:48.576116-05	2026-05-26 08:37:48.508984-05
973	1	4069	0.945208	8	1.0	2026-05-25 08:37:48.578881-05	2026-05-26 08:37:48.508984-05
974	1	4067	0.907038	9	1.0	2026-05-25 08:37:48.581572-05	2026-05-26 08:37:48.508984-05
975	1	4196	0.906952	10	1.0	2026-05-25 08:37:48.585843-05	2026-05-26 08:37:48.508984-05
976	1	4065	0.902968	11	1.0	2026-05-25 08:37:48.58911-05	2026-05-26 08:37:48.508984-05
977	1	4066	0.902754	12	1.0	2026-05-25 08:37:48.591436-05	2026-05-26 08:37:48.508984-05
978	1	4068	0.900055	13	1.0	2026-05-25 08:37:48.593592-05	2026-05-26 08:37:48.508984-05
979	1	4194	0.892387	14	1.0	2026-05-25 08:37:48.595784-05	2026-05-26 08:37:48.508984-05
980	1	4063	0.887846	15	1.0	2026-05-25 08:37:48.598347-05	2026-05-26 08:37:48.508984-05
981	1	4064	0.881334	16	1.0	2026-05-25 08:37:48.603477-05	2026-05-26 08:37:48.508984-05
982	1	4062	0.872766	17	1.0	2026-05-25 08:37:48.60973-05	2026-05-26 08:37:48.508984-05
983	1	4255	0.778519	18	1.0	2026-05-25 08:37:48.612799-05	2026-05-26 08:37:48.508984-05
984	1	4256	0.778519	19	1.0	2026-05-25 08:37:48.615559-05	2026-05-26 08:37:48.508984-05
985	1	4254	0.778519	20	1.0	2026-05-25 08:37:48.61965-05	2026-05-26 08:37:48.508984-05
986	1	4253	0.778519	21	1.0	2026-05-25 08:37:48.622644-05	2026-05-26 08:37:48.508984-05
987	6	4132	1.000000	1	1.0	2026-05-26 19:24:02.079511-05	2026-05-27 19:24:02.024873-05
988	6	4131	0.989826	2	1.0	2026-05-26 19:24:02.087079-05	2026-05-27 19:24:02.024873-05
989	6	4130	0.983318	3	1.0	2026-05-26 19:24:02.090008-05	2026-05-27 19:24:02.024873-05
990	6	3908	0.979528	4	1.0	2026-05-26 19:24:02.092338-05	2026-05-27 19:24:02.024873-05
991	6	3930	0.975409	5	1.0	2026-05-26 19:24:02.094497-05	2026-05-27 19:24:02.024873-05
992	6	4137	0.975038	6	1.0	2026-05-26 19:24:02.097826-05	2026-05-27 19:24:02.024873-05
993	6	4134	0.972608	7	1.0	2026-05-26 19:24:02.099962-05	2026-05-27 19:24:02.024873-05
994	6	4135	0.967171	8	1.0	2026-05-26 19:24:02.101652-05	2026-05-27 19:24:02.024873-05
995	6	3932	0.963052	9	1.0	2026-05-26 19:24:02.104028-05	2026-05-27 19:24:02.024873-05
996	6	3933	0.950694	10	1.0	2026-05-26 19:24:02.105914-05	2026-05-27 19:24:02.024873-05
997	6	4129	0.950324	11	1.0	2026-05-26 19:24:02.108044-05	2026-05-27 19:24:02.024873-05
998	6	3931	0.946575	12	1.0	2026-05-26 19:24:02.10988-05	2026-05-27 19:24:02.024873-05
999	6	4232	0.944186	13	1.0	2026-05-26 19:24:02.112074-05	2026-05-27 19:24:02.024873-05
1000	6	4136	0.943404	14	1.0	2026-05-26 19:24:02.114302-05	2026-05-27 19:24:02.024873-05
1001	6	4230	0.921325	15	1.0	2026-05-26 19:24:02.116203-05	2026-05-27 19:24:02.024873-05
1002	6	4229	0.897146	16	1.0	2026-05-26 19:24:02.119158-05	2026-05-27 19:24:02.024873-05
1003	6	4228	0.878281	17	1.0	2026-05-26 19:24:02.121144-05	2026-05-27 19:24:02.024873-05
1004	6	4231	0.865511	18	1.0	2026-05-26 19:24:02.12281-05	2026-05-27 19:24:02.024873-05
\.


--
-- TOC entry 5237 (class 0 OID 16411)
-- Dependencies: 217
-- Data for Name: subscription_plans; Type: TABLE DATA; Schema: public; Owner: postgres
--

COPY public.subscription_plans (id, name, price_monthly, max_devices, max_quality, has_downloads, has_ads, ai_priority, description, is_active, created_at) FROM stdin;
1	Gratuito	0.00	1	SD	f	t	1	Acceso gratuito con anuncios. Calidad SD. Recomendaciones básicas.	t	2026-05-16 13:34:38.604976-05
2	Básico	8.99	2	HD	f	f	2	Sin anuncios. Calidad HD. 2 dispositivos simultáneos.	t	2026-05-16 13:34:38.604976-05
3	Intermedio	12.99	3	FHD	f	f	3	Sin anuncios. Full HD. 3 dispositivos. Lista personal ilimitada.	t	2026-05-16 13:34:38.604976-05
4	Premium	17.99	4	4K	t	f	4	Sin anuncios. 4K. 4 dispositivos. Descargas. IA prioritaria.	t	2026-05-16 13:34:38.604976-05
\.


--
-- TOC entry 5256 (class 0 OID 16640)
-- Dependencies: 236
-- Data for Name: user_actor_preferences; Type: TABLE DATA; Schema: public; Owner: postgres
--

COPY public.user_actor_preferences (user_id, person_id, weight, updated_at) FROM stdin;
\.


--
-- TOC entry 5255 (class 0 OID 16621)
-- Dependencies: 235
-- Data for Name: user_genre_preferences; Type: TABLE DATA; Schema: public; Owner: postgres
--

COPY public.user_genre_preferences (user_id, genre_id, weight, source, updated_at) FROM stdin;
6	5	1.000	explicit	2026-05-22 14:33:48.823302-05
6	11	1.000	explicit	2026-05-22 14:33:48.832092-05
6	12	1.000	explicit	2026-05-22 14:33:48.834834-05
7	5	1.000	explicit	2026-05-22 14:53:40.937739-05
7	14	1.000	explicit	2026-05-22 14:53:40.950532-05
7	4	1.000	explicit	2026-05-22 14:53:40.955263-05
8	11	1.000	explicit	2026-05-27 08:25:56.179162-05
8	5	1.000	explicit	2026-05-27 08:25:56.18781-05
8	15	1.000	explicit	2026-05-27 08:25:56.189565-05
\.


--
-- TOC entry 5241 (class 0 OID 16454)
-- Dependencies: 221
-- Data for Name: user_subscriptions; Type: TABLE DATA; Schema: public; Owner: postgres
--

COPY public.user_subscriptions (id, user_id, plan_id, status, started_at, expires_at, cancelled_at, auto_renew, payment_ref, created_at) FROM stdin;
4	1	4	active	2026-05-19 10:00:40.019345-05	2026-06-18 10:00:40.018999-05	\N	t	\N	2026-05-19 10:00:40.019536-05
7	7	1	active	2026-05-22 14:53:40.915538-05	\N	\N	t	\N	2026-05-22 14:53:40.916784-05
8	8	1	active	2026-05-27 08:25:56.171707-05	\N	\N	t	\N	2026-05-27 08:25:56.172204-05
6	6	3	active	2026-05-22 14:33:48.791716-05	\N	\N	t	\N	2026-05-22 14:33:48.793496-05
\.


--
-- TOC entry 5254 (class 0 OID 16605)
-- Dependencies: 234
-- Data for Name: user_watchlist; Type: TABLE DATA; Schema: public; Owner: postgres
--

COPY public.user_watchlist (user_id, movie_id, added_at) FROM stdin;
1	3963	2026-05-21 16:01:03.703174-05
1	3903	2026-05-21 16:01:32.638504-05
6	4133	2026-05-22 14:35:39.725683-05
6	3929	2026-05-22 14:36:10.202558-05
6	4128	2026-05-22 14:36:33.332049-05
7	3954	2026-05-22 14:54:11.744748-05
7	3893	2026-05-22 14:54:41.667685-05
\.


--
-- TOC entry 5239 (class 0 OID 16430)
-- Dependencies: 219
-- Data for Name: users; Type: TABLE DATA; Schema: public; Owner: postgres
--

COPY public.users (id, uuid, username, email, password_hash, first_name, last_name, avatar_url, country, language, birth_date, gender, is_active, is_admin, email_verified, created_at, updated_at, last_login) FROM stdin;
6	3c88dc0e-5142-4de1-bca9-c0ec7d34adc9	Pedro	pedro@gmail.com	pbkdf2_sha256$870000$DQykJrqoZ1xZ90Xqha28On$0f8eahRTLfOAnS9FgXJd8aTXiJfLdHxUaP5jCh2/q/g=	\N	\N	\N		es	\N	\N	t	f	f	2026-05-22 14:33:48.723966-05	2026-05-27 08:33:30.349484-05	2026-05-27 08:33:19.619984-05
8	4d0b0db6-9c32-466e-8e44-796837aa7fb6	kleverd	kleverd@gmail.com	pbkdf2_sha256$870000$lRqfHYXe4JnySoc9U40U35$qY1s7ezYlpFS8xl46n02LFslONX4TgbOe14d4Lx3HAM=	\N	\N	\N		es	\N	\N	t	f	f	2026-05-27 08:25:56.125721-05	2026-05-27 08:31:04.715047-05	2026-05-27 08:34:12.056064-05
7	47aeae73-2e45-461b-84a4-d9b340dfab89	Maria	Maria@gmail.com	pbkdf2_sha256$870000$jNvg8pkDq1XHQb47key4dL$SDZG+gLBjKo5tMnwE9hywQDjh31KNti1Mgdym4bAUTk=	\N	\N	\N		es	\N	\N	t	f	f	2026-05-22 14:53:40.862513-05	2026-05-22 14:53:40.862582-05	2026-05-22 14:53:40.960999-05
1	e6cd96ce-ffd5-4a96-9dac-020bab6da879	admin	admin@streamflix.com	pbkdf2_sha256$870000$WZ0E8OoY7En0kxvL2IdjZW$rj6UfheKd/blaM4GIltJx5sZx0sh2WgqUZ9nvPlS2fw=	\N	\N	\N	Peru	es	\N	\N	t	t	f	2026-05-16 17:58:01.663203-05	2026-05-19 10:56:26.919769-05	2026-05-25 08:37:10.804325-05
\.


--
-- TOC entry 5251 (class 0 OID 16558)
-- Dependencies: 231
-- Data for Name: watch_history; Type: TABLE DATA; Schema: public; Owner: postgres
--

COPY public.watch_history (id, user_id, movie_id, watched_at, progress_pct, completed, device_type, session_minutes) FROM stdin;
291	1	3963	2026-05-21 16:00:55.4144-05	100	t	web	0
292	1	3963	2026-05-21 16:00:55.518323-05	100	t	web	0
293	1	3963	2026-05-21 16:00:55.559844-05	100	t	web	0
294	1	3963	2026-05-21 16:01:00.562839-05	100	t	web	0
295	1	3903	2026-05-21 16:01:24.63372-05	100	t	web	0
296	1	3903	2026-05-21 16:01:24.765341-05	100	t	web	0
297	1	3903	2026-05-21 16:01:24.825479-05	100	t	web	0
298	1	3903	2026-05-21 16:01:30.257649-05	100	t	web	0
331	6	3929	2026-05-22 14:34:23.722833-05	100	t	web	0
332	6	3929	2026-05-22 14:34:23.858201-05	100	t	web	0
333	6	3929	2026-05-22 14:34:23.894812-05	100	t	web	0
334	6	3929	2026-05-22 14:34:29.167718-05	100	t	web	0
335	6	4128	2026-05-22 14:34:48.043944-05	100	t	web	0
336	6	4128	2026-05-22 14:34:48.162027-05	100	t	web	0
337	6	4128	2026-05-22 14:34:48.228969-05	100	t	web	0
338	6	4128	2026-05-22 14:34:53.950079-05	100	t	web	0
339	6	4133	2026-05-22 14:35:41.714555-05	100	t	web	0
340	6	4133	2026-05-22 14:35:42.40913-05	100	t	web	0
341	6	4133	2026-05-22 14:35:42.415882-05	100	t	web	0
342	6	4133	2026-05-22 14:35:45.897637-05	100	t	web	0
343	6	4128	2026-05-22 14:36:27.376663-05	100	t	web	0
344	6	4128	2026-05-22 14:36:27.545804-05	100	t	web	0
345	6	4128	2026-05-22 14:36:27.576064-05	100	t	web	0
346	6	4128	2026-05-22 14:36:31.986135-05	100	t	web	0
347	7	3954	2026-05-22 14:54:20.511826-05	100	t	web	0
348	7	3954	2026-05-22 14:54:20.630239-05	100	t	web	0
349	7	3954	2026-05-22 14:54:20.678261-05	100	t	web	0
350	7	3954	2026-05-22 14:54:25.563112-05	100	t	web	0
351	7	3893	2026-05-22 14:54:32.577054-05	100	t	web	0
352	7	3893	2026-05-22 14:54:32.690974-05	100	t	web	0
353	7	3893	2026-05-22 14:54:32.735679-05	100	t	web	0
354	7	3893	2026-05-22 14:54:40.301589-05	100	t	web	0
355	8	4043	2026-05-27 08:26:10.696577-05	100	t	web	0
356	8	4043	2026-05-27 08:31:00.96581-05	100	t	web	0
357	8	4148	2026-05-27 08:34:44.421641-05	100	t	web	0
358	8	4148	2026-05-27 08:34:44.587583-05	100	t	web	0
359	8	4148	2026-05-27 08:34:44.67304-05	100	t	web	0
360	8	4148	2026-05-27 08:35:27.341291-05	100	t	web	0
361	8	4148	2026-05-27 08:35:27.667575-05	100	t	web	0
362	8	4148	2026-05-27 08:35:27.870471-05	100	t	web	0
363	8	4148	2026-05-27 08:35:42.548677-05	100	t	web	0
364	8	3893	2026-05-27 08:35:48.952739-05	100	t	web	0
365	8	3893	2026-05-27 08:35:48.956811-05	100	t	web	0
366	8	3893	2026-05-27 08:35:49.216639-05	100	t	web	0
367	8	3893	2026-05-27 08:36:04.071227-05	100	t	web	0
\.


--
-- TOC entry 5302 (class 0 OID 0)
-- Dependencies: 241
-- Name: admin_logs_id_seq; Type: SEQUENCE SET; Schema: public; Owner: postgres
--

SELECT pg_catalog.setval('public.admin_logs_id_seq', 59, true);


--
-- TOC entry 5303 (class 0 OID 0)
-- Dependencies: 251
-- Name: auth_group_id_seq; Type: SEQUENCE SET; Schema: public; Owner: postgres
--

SELECT pg_catalog.setval('public.auth_group_id_seq', 1, false);


--
-- TOC entry 5304 (class 0 OID 0)
-- Dependencies: 253
-- Name: auth_group_permissions_id_seq; Type: SEQUENCE SET; Schema: public; Owner: postgres
--

SELECT pg_catalog.setval('public.auth_group_permissions_id_seq', 1, false);


--
-- TOC entry 5305 (class 0 OID 0)
-- Dependencies: 249
-- Name: auth_permission_id_seq; Type: SEQUENCE SET; Schema: public; Owner: postgres
--

SELECT pg_catalog.setval('public.auth_permission_id_seq', 88, true);


--
-- TOC entry 5306 (class 0 OID 0)
-- Dependencies: 257
-- Name: auth_user_groups_id_seq; Type: SEQUENCE SET; Schema: public; Owner: postgres
--

SELECT pg_catalog.setval('public.auth_user_groups_id_seq', 1, false);


--
-- TOC entry 5307 (class 0 OID 0)
-- Dependencies: 255
-- Name: auth_user_id_seq; Type: SEQUENCE SET; Schema: public; Owner: postgres
--

SELECT pg_catalog.setval('public.auth_user_id_seq', 1, true);


--
-- TOC entry 5308 (class 0 OID 0)
-- Dependencies: 259
-- Name: auth_user_user_permissions_id_seq; Type: SEQUENCE SET; Schema: public; Owner: postgres
--

SELECT pg_catalog.setval('public.auth_user_user_permissions_id_seq', 1, false);


--
-- TOC entry 5309 (class 0 OID 0)
-- Dependencies: 262
-- Name: django_admin_log_id_seq; Type: SEQUENCE SET; Schema: public; Owner: postgres
--

SELECT pg_catalog.setval('public.django_admin_log_id_seq', 1, false);


--
-- TOC entry 5310 (class 0 OID 0)
-- Dependencies: 247
-- Name: django_content_type_id_seq; Type: SEQUENCE SET; Schema: public; Owner: postgres
--

SELECT pg_catalog.setval('public.django_content_type_id_seq', 22, true);


--
-- TOC entry 5311 (class 0 OID 0)
-- Dependencies: 245
-- Name: django_migrations_id_seq; Type: SEQUENCE SET; Schema: public; Owner: postgres
--

SELECT pg_catalog.setval('public.django_migrations_id_seq', 18, true);


--
-- TOC entry 5312 (class 0 OID 0)
-- Dependencies: 222
-- Name: genres_id_seq; Type: SEQUENCE SET; Schema: public; Owner: postgres
--

SELECT pg_catalog.setval('public.genres_id_seq', 18, true);


--
-- TOC entry 5313 (class 0 OID 0)
-- Dependencies: 239
-- Name: model_metrics_id_seq; Type: SEQUENCE SET; Schema: public; Owner: postgres
--

SELECT pg_catalog.setval('public.model_metrics_id_seq', 1, true);


--
-- TOC entry 5314 (class 0 OID 0)
-- Dependencies: 226
-- Name: movies_id_seq; Type: SEQUENCE SET; Schema: public; Owner: postgres
--

SELECT pg_catalog.setval('public.movies_id_seq', 4271, true);


--
-- TOC entry 5315 (class 0 OID 0)
-- Dependencies: 243
-- Name: password_reset_tokens_id_seq; Type: SEQUENCE SET; Schema: public; Owner: postgres
--

SELECT pg_catalog.setval('public.password_reset_tokens_id_seq', 1, false);


--
-- TOC entry 5316 (class 0 OID 0)
-- Dependencies: 224
-- Name: people_id_seq; Type: SEQUENCE SET; Schema: public; Owner: postgres
--

SELECT pg_catalog.setval('public.people_id_seq', 1, false);


--
-- TOC entry 5317 (class 0 OID 0)
-- Dependencies: 232
-- Name: ratings_id_seq; Type: SEQUENCE SET; Schema: public; Owner: postgres
--

SELECT pg_catalog.setval('public.ratings_id_seq', 38, true);


--
-- TOC entry 5318 (class 0 OID 0)
-- Dependencies: 237
-- Name: recommendations_id_seq; Type: SEQUENCE SET; Schema: public; Owner: postgres
--

SELECT pg_catalog.setval('public.recommendations_id_seq', 1004, true);


--
-- TOC entry 5319 (class 0 OID 0)
-- Dependencies: 216
-- Name: subscription_plans_id_seq; Type: SEQUENCE SET; Schema: public; Owner: postgres
--

SELECT pg_catalog.setval('public.subscription_plans_id_seq', 4, true);


--
-- TOC entry 5320 (class 0 OID 0)
-- Dependencies: 220
-- Name: user_subscriptions_id_seq; Type: SEQUENCE SET; Schema: public; Owner: postgres
--

SELECT pg_catalog.setval('public.user_subscriptions_id_seq', 8, true);


--
-- TOC entry 5321 (class 0 OID 0)
-- Dependencies: 218
-- Name: users_id_seq; Type: SEQUENCE SET; Schema: public; Owner: postgres
--

SELECT pg_catalog.setval('public.users_id_seq', 8, true);


--
-- TOC entry 5322 (class 0 OID 0)
-- Dependencies: 230
-- Name: watch_history_id_seq; Type: SEQUENCE SET; Schema: public; Owner: postgres
--

SELECT pg_catalog.setval('public.watch_history_id_seq', 367, true);


--
-- TOC entry 5007 (class 2606 OID 16697)
-- Name: admin_logs admin_logs_pkey; Type: CONSTRAINT; Schema: public; Owner: postgres
--

ALTER TABLE ONLY public.admin_logs
    ADD CONSTRAINT admin_logs_pkey PRIMARY KEY (id);


--
-- TOC entry 5029 (class 2606 OID 16854)
-- Name: auth_group auth_group_name_key; Type: CONSTRAINT; Schema: public; Owner: postgres
--

ALTER TABLE ONLY public.auth_group
    ADD CONSTRAINT auth_group_name_key UNIQUE (name);


--
-- TOC entry 5034 (class 2606 OID 16806)
-- Name: auth_group_permissions auth_group_permissions_group_id_permission_id_0cd325b0_uniq; Type: CONSTRAINT; Schema: public; Owner: postgres
--

ALTER TABLE ONLY public.auth_group_permissions
    ADD CONSTRAINT auth_group_permissions_group_id_permission_id_0cd325b0_uniq UNIQUE (group_id, permission_id);


--
-- TOC entry 5037 (class 2606 OID 16775)
-- Name: auth_group_permissions auth_group_permissions_pkey; Type: CONSTRAINT; Schema: public; Owner: postgres
--

ALTER TABLE ONLY public.auth_group_permissions
    ADD CONSTRAINT auth_group_permissions_pkey PRIMARY KEY (id);


--
-- TOC entry 5031 (class 2606 OID 16767)
-- Name: auth_group auth_group_pkey; Type: CONSTRAINT; Schema: public; Owner: postgres
--

ALTER TABLE ONLY public.auth_group
    ADD CONSTRAINT auth_group_pkey PRIMARY KEY (id);


--
-- TOC entry 5024 (class 2606 OID 16797)
-- Name: auth_permission auth_permission_content_type_id_codename_01ab375a_uniq; Type: CONSTRAINT; Schema: public; Owner: postgres
--

ALTER TABLE ONLY public.auth_permission
    ADD CONSTRAINT auth_permission_content_type_id_codename_01ab375a_uniq UNIQUE (content_type_id, codename);


--
-- TOC entry 5026 (class 2606 OID 16761)
-- Name: auth_permission auth_permission_pkey; Type: CONSTRAINT; Schema: public; Owner: postgres
--

ALTER TABLE ONLY public.auth_permission
    ADD CONSTRAINT auth_permission_pkey PRIMARY KEY (id);


--
-- TOC entry 5045 (class 2606 OID 16789)
-- Name: auth_user_groups auth_user_groups_pkey; Type: CONSTRAINT; Schema: public; Owner: postgres
--

ALTER TABLE ONLY public.auth_user_groups
    ADD CONSTRAINT auth_user_groups_pkey PRIMARY KEY (id);


--
-- TOC entry 5048 (class 2606 OID 16821)
-- Name: auth_user_groups auth_user_groups_user_id_group_id_94350c0c_uniq; Type: CONSTRAINT; Schema: public; Owner: postgres
--

ALTER TABLE ONLY public.auth_user_groups
    ADD CONSTRAINT auth_user_groups_user_id_group_id_94350c0c_uniq UNIQUE (user_id, group_id);


--
-- TOC entry 5039 (class 2606 OID 16781)
-- Name: auth_user auth_user_pkey; Type: CONSTRAINT; Schema: public; Owner: postgres
--

ALTER TABLE ONLY public.auth_user
    ADD CONSTRAINT auth_user_pkey PRIMARY KEY (id);


--
-- TOC entry 5051 (class 2606 OID 16795)
-- Name: auth_user_user_permissions auth_user_user_permissions_pkey; Type: CONSTRAINT; Schema: public; Owner: postgres
--

ALTER TABLE ONLY public.auth_user_user_permissions
    ADD CONSTRAINT auth_user_user_permissions_pkey PRIMARY KEY (id);


--
-- TOC entry 5054 (class 2606 OID 16835)
-- Name: auth_user_user_permissions auth_user_user_permissions_user_id_permission_id_14a6b632_uniq; Type: CONSTRAINT; Schema: public; Owner: postgres
--

ALTER TABLE ONLY public.auth_user_user_permissions
    ADD CONSTRAINT auth_user_user_permissions_user_id_permission_id_14a6b632_uniq UNIQUE (user_id, permission_id);


--
-- TOC entry 5042 (class 2606 OID 16849)
-- Name: auth_user auth_user_username_key; Type: CONSTRAINT; Schema: public; Owner: postgres
--

ALTER TABLE ONLY public.auth_user
    ADD CONSTRAINT auth_user_username_key UNIQUE (username);


--
-- TOC entry 5061 (class 2606 OID 16873)
-- Name: django_admin_log django_admin_log_pkey; Type: CONSTRAINT; Schema: public; Owner: postgres
--

ALTER TABLE ONLY public.django_admin_log
    ADD CONSTRAINT django_admin_log_pkey PRIMARY KEY (id);


--
-- TOC entry 5019 (class 2606 OID 16755)
-- Name: django_content_type django_content_type_app_label_model_76bd3d3b_uniq; Type: CONSTRAINT; Schema: public; Owner: postgres
--

ALTER TABLE ONLY public.django_content_type
    ADD CONSTRAINT django_content_type_app_label_model_76bd3d3b_uniq UNIQUE (app_label, model);


--
-- TOC entry 5021 (class 2606 OID 16753)
-- Name: django_content_type django_content_type_pkey; Type: CONSTRAINT; Schema: public; Owner: postgres
--

ALTER TABLE ONLY public.django_content_type
    ADD CONSTRAINT django_content_type_pkey PRIMARY KEY (id);


--
-- TOC entry 5017 (class 2606 OID 16747)
-- Name: django_migrations django_migrations_pkey; Type: CONSTRAINT; Schema: public; Owner: postgres
--

ALTER TABLE ONLY public.django_migrations
    ADD CONSTRAINT django_migrations_pkey PRIMARY KEY (id);


--
-- TOC entry 5057 (class 2606 OID 16862)
-- Name: django_session django_session_pkey; Type: CONSTRAINT; Schema: public; Owner: postgres
--

ALTER TABLE ONLY public.django_session
    ADD CONSTRAINT django_session_pkey PRIMARY KEY (session_key);


--
-- TOC entry 4956 (class 2606 OID 16483)
-- Name: genres genres_name_key; Type: CONSTRAINT; Schema: public; Owner: postgres
--

ALTER TABLE ONLY public.genres
    ADD CONSTRAINT genres_name_key UNIQUE (name);


--
-- TOC entry 4958 (class 2606 OID 16481)
-- Name: genres genres_pkey; Type: CONSTRAINT; Schema: public; Owner: postgres
--

ALTER TABLE ONLY public.genres
    ADD CONSTRAINT genres_pkey PRIMARY KEY (id);


--
-- TOC entry 4960 (class 2606 OID 16485)
-- Name: genres genres_slug_key; Type: CONSTRAINT; Schema: public; Owner: postgres
--

ALTER TABLE ONLY public.genres
    ADD CONSTRAINT genres_slug_key UNIQUE (slug);


--
-- TOC entry 5005 (class 2606 OID 16687)
-- Name: model_metrics model_metrics_pkey; Type: CONSTRAINT; Schema: public; Owner: postgres
--

ALTER TABLE ONLY public.model_metrics
    ADD CONSTRAINT model_metrics_pkey PRIMARY KEY (id);


--
-- TOC entry 4977 (class 2606 OID 16530)
-- Name: movie_genres movie_genres_pkey; Type: CONSTRAINT; Schema: public; Owner: postgres
--

ALTER TABLE ONLY public.movie_genres
    ADD CONSTRAINT movie_genres_pkey PRIMARY KEY (movie_id, genre_id);


--
-- TOC entry 4979 (class 2606 OID 16546)
-- Name: movie_people movie_people_pkey; Type: CONSTRAINT; Schema: public; Owner: postgres
--

ALTER TABLE ONLY public.movie_people
    ADD CONSTRAINT movie_people_pkey PRIMARY KEY (movie_id, person_id, role);


--
-- TOC entry 4971 (class 2606 OID 16517)
-- Name: movies movies_movielens_id_key; Type: CONSTRAINT; Schema: public; Owner: postgres
--

ALTER TABLE ONLY public.movies
    ADD CONSTRAINT movies_movielens_id_key UNIQUE (movielens_id);


--
-- TOC entry 4973 (class 2606 OID 16515)
-- Name: movies movies_pkey; Type: CONSTRAINT; Schema: public; Owner: postgres
--

ALTER TABLE ONLY public.movies
    ADD CONSTRAINT movies_pkey PRIMARY KEY (id);


--
-- TOC entry 4975 (class 2606 OID 16519)
-- Name: movies movies_slug_key; Type: CONSTRAINT; Schema: public; Owner: postgres
--

ALTER TABLE ONLY public.movies
    ADD CONSTRAINT movies_slug_key UNIQUE (slug);


--
-- TOC entry 5013 (class 2606 OID 16728)
-- Name: password_reset_tokens password_reset_tokens_pkey; Type: CONSTRAINT; Schema: public; Owner: postgres
--

ALTER TABLE ONLY public.password_reset_tokens
    ADD CONSTRAINT password_reset_tokens_pkey PRIMARY KEY (id);


--
-- TOC entry 5015 (class 2606 OID 16730)
-- Name: password_reset_tokens password_reset_tokens_token_key; Type: CONSTRAINT; Schema: public; Owner: postgres
--

ALTER TABLE ONLY public.password_reset_tokens
    ADD CONSTRAINT password_reset_tokens_token_key UNIQUE (token);


--
-- TOC entry 4962 (class 2606 OID 16494)
-- Name: people people_pkey; Type: CONSTRAINT; Schema: public; Owner: postgres
--

ALTER TABLE ONLY public.people
    ADD CONSTRAINT people_pkey PRIMARY KEY (id);


--
-- TOC entry 4964 (class 2606 OID 16496)
-- Name: people people_slug_key; Type: CONSTRAINT; Schema: public; Owner: postgres
--

ALTER TABLE ONLY public.people
    ADD CONSTRAINT people_slug_key UNIQUE (slug);


--
-- TOC entry 4989 (class 2606 OID 16592)
-- Name: ratings ratings_pkey; Type: CONSTRAINT; Schema: public; Owner: postgres
--

ALTER TABLE ONLY public.ratings
    ADD CONSTRAINT ratings_pkey PRIMARY KEY (id);


--
-- TOC entry 4991 (class 2606 OID 16594)
-- Name: ratings ratings_user_id_movie_id_key; Type: CONSTRAINT; Schema: public; Owner: postgres
--

ALTER TABLE ONLY public.ratings
    ADD CONSTRAINT ratings_user_id_movie_id_key UNIQUE (user_id, movie_id);


--
-- TOC entry 5001 (class 2606 OID 16665)
-- Name: recommendations recommendations_pkey; Type: CONSTRAINT; Schema: public; Owner: postgres
--

ALTER TABLE ONLY public.recommendations
    ADD CONSTRAINT recommendations_pkey PRIMARY KEY (id);


--
-- TOC entry 5003 (class 2606 OID 16667)
-- Name: recommendations recommendations_user_id_movie_id_key; Type: CONSTRAINT; Schema: public; Owner: postgres
--

ALTER TABLE ONLY public.recommendations
    ADD CONSTRAINT recommendations_user_id_movie_id_key UNIQUE (user_id, movie_id);


--
-- TOC entry 4941 (class 2606 OID 16428)
-- Name: subscription_plans subscription_plans_name_key; Type: CONSTRAINT; Schema: public; Owner: postgres
--

ALTER TABLE ONLY public.subscription_plans
    ADD CONSTRAINT subscription_plans_name_key UNIQUE (name);


--
-- TOC entry 4943 (class 2606 OID 16426)
-- Name: subscription_plans subscription_plans_pkey; Type: CONSTRAINT; Schema: public; Owner: postgres
--

ALTER TABLE ONLY public.subscription_plans
    ADD CONSTRAINT subscription_plans_pkey PRIMARY KEY (id);


--
-- TOC entry 4997 (class 2606 OID 16646)
-- Name: user_actor_preferences user_actor_preferences_pkey; Type: CONSTRAINT; Schema: public; Owner: postgres
--

ALTER TABLE ONLY public.user_actor_preferences
    ADD CONSTRAINT user_actor_preferences_pkey PRIMARY KEY (user_id, person_id);


--
-- TOC entry 4995 (class 2606 OID 16629)
-- Name: user_genre_preferences user_genre_preferences_pkey; Type: CONSTRAINT; Schema: public; Owner: postgres
--

ALTER TABLE ONLY public.user_genre_preferences
    ADD CONSTRAINT user_genre_preferences_pkey PRIMARY KEY (user_id, genre_id);


--
-- TOC entry 4954 (class 2606 OID 16464)
-- Name: user_subscriptions user_subscriptions_pkey; Type: CONSTRAINT; Schema: public; Owner: postgres
--

ALTER TABLE ONLY public.user_subscriptions
    ADD CONSTRAINT user_subscriptions_pkey PRIMARY KEY (id);


--
-- TOC entry 4993 (class 2606 OID 16610)
-- Name: user_watchlist user_watchlist_pkey; Type: CONSTRAINT; Schema: public; Owner: postgres
--

ALTER TABLE ONLY public.user_watchlist
    ADD CONSTRAINT user_watchlist_pkey PRIMARY KEY (user_id, movie_id);


--
-- TOC entry 4945 (class 2606 OID 16452)
-- Name: users users_email_key; Type: CONSTRAINT; Schema: public; Owner: postgres
--

ALTER TABLE ONLY public.users
    ADD CONSTRAINT users_email_key UNIQUE (email);


--
-- TOC entry 4947 (class 2606 OID 16446)
-- Name: users users_pkey; Type: CONSTRAINT; Schema: public; Owner: postgres
--

ALTER TABLE ONLY public.users
    ADD CONSTRAINT users_pkey PRIMARY KEY (id);


--
-- TOC entry 4949 (class 2606 OID 16450)
-- Name: users users_username_key; Type: CONSTRAINT; Schema: public; Owner: postgres
--

ALTER TABLE ONLY public.users
    ADD CONSTRAINT users_username_key UNIQUE (username);


--
-- TOC entry 4951 (class 2606 OID 16448)
-- Name: users users_uuid_key; Type: CONSTRAINT; Schema: public; Owner: postgres
--

ALTER TABLE ONLY public.users
    ADD CONSTRAINT users_uuid_key UNIQUE (uuid);


--
-- TOC entry 4984 (class 2606 OID 16570)
-- Name: watch_history watch_history_pkey; Type: CONSTRAINT; Schema: public; Owner: postgres
--

ALTER TABLE ONLY public.watch_history
    ADD CONSTRAINT watch_history_pkey PRIMARY KEY (id);


--
-- TOC entry 5027 (class 1259 OID 16855)
-- Name: auth_group_name_a6ea08ec_like; Type: INDEX; Schema: public; Owner: postgres
--

CREATE INDEX auth_group_name_a6ea08ec_like ON public.auth_group USING btree (name varchar_pattern_ops);


--
-- TOC entry 5032 (class 1259 OID 16817)
-- Name: auth_group_permissions_group_id_b120cbf9; Type: INDEX; Schema: public; Owner: postgres
--

CREATE INDEX auth_group_permissions_group_id_b120cbf9 ON public.auth_group_permissions USING btree (group_id);


--
-- TOC entry 5035 (class 1259 OID 16818)
-- Name: auth_group_permissions_permission_id_84c5c92e; Type: INDEX; Schema: public; Owner: postgres
--

CREATE INDEX auth_group_permissions_permission_id_84c5c92e ON public.auth_group_permissions USING btree (permission_id);


--
-- TOC entry 5022 (class 1259 OID 16803)
-- Name: auth_permission_content_type_id_2f476e4b; Type: INDEX; Schema: public; Owner: postgres
--

CREATE INDEX auth_permission_content_type_id_2f476e4b ON public.auth_permission USING btree (content_type_id);


--
-- TOC entry 5043 (class 1259 OID 16833)
-- Name: auth_user_groups_group_id_97559544; Type: INDEX; Schema: public; Owner: postgres
--

CREATE INDEX auth_user_groups_group_id_97559544 ON public.auth_user_groups USING btree (group_id);


--
-- TOC entry 5046 (class 1259 OID 16832)
-- Name: auth_user_groups_user_id_6a12ed8b; Type: INDEX; Schema: public; Owner: postgres
--

CREATE INDEX auth_user_groups_user_id_6a12ed8b ON public.auth_user_groups USING btree (user_id);


--
-- TOC entry 5049 (class 1259 OID 16847)
-- Name: auth_user_user_permissions_permission_id_1fbb5f2c; Type: INDEX; Schema: public; Owner: postgres
--

CREATE INDEX auth_user_user_permissions_permission_id_1fbb5f2c ON public.auth_user_user_permissions USING btree (permission_id);


--
-- TOC entry 5052 (class 1259 OID 16846)
-- Name: auth_user_user_permissions_user_id_a95ead1b; Type: INDEX; Schema: public; Owner: postgres
--

CREATE INDEX auth_user_user_permissions_user_id_a95ead1b ON public.auth_user_user_permissions USING btree (user_id);


--
-- TOC entry 5040 (class 1259 OID 16850)
-- Name: auth_user_username_6821ab7c_like; Type: INDEX; Schema: public; Owner: postgres
--

CREATE INDEX auth_user_username_6821ab7c_like ON public.auth_user USING btree (username varchar_pattern_ops);


--
-- TOC entry 5059 (class 1259 OID 16884)
-- Name: django_admin_log_content_type_id_c4bce8eb; Type: INDEX; Schema: public; Owner: postgres
--

CREATE INDEX django_admin_log_content_type_id_c4bce8eb ON public.django_admin_log USING btree (content_type_id);


--
-- TOC entry 5062 (class 1259 OID 16885)
-- Name: django_admin_log_user_id_c564eba6; Type: INDEX; Schema: public; Owner: postgres
--

CREATE INDEX django_admin_log_user_id_c564eba6 ON public.django_admin_log USING btree (user_id);


--
-- TOC entry 5055 (class 1259 OID 16864)
-- Name: django_session_expire_date_a5c62663; Type: INDEX; Schema: public; Owner: postgres
--

CREATE INDEX django_session_expire_date_a5c62663 ON public.django_session USING btree (expire_date);


--
-- TOC entry 5058 (class 1259 OID 16863)
-- Name: django_session_session_key_c0390e0f_like; Type: INDEX; Schema: public; Owner: postgres
--

CREATE INDEX django_session_session_key_c0390e0f_like ON public.django_session USING btree (session_key varchar_pattern_ops);


--
-- TOC entry 5008 (class 1259 OID 16717)
-- Name: idx_admin_logs_admin; Type: INDEX; Schema: public; Owner: postgres
--

CREATE INDEX idx_admin_logs_admin ON public.admin_logs USING btree (admin_id);


--
-- TOC entry 5009 (class 1259 OID 16718)
-- Name: idx_admin_logs_created; Type: INDEX; Schema: public; Owner: postgres
--

CREATE INDEX idx_admin_logs_created ON public.admin_logs USING btree (created_at DESC);


--
-- TOC entry 4965 (class 1259 OID 16707)
-- Name: idx_movies_content_rating; Type: INDEX; Schema: public; Owner: postgres
--

CREATE INDEX idx_movies_content_rating ON public.movies USING btree (content_rating);


--
-- TOC entry 4966 (class 1259 OID 16706)
-- Name: idx_movies_is_active; Type: INDEX; Schema: public; Owner: postgres
--

CREATE INDEX idx_movies_is_active ON public.movies USING btree (is_active);


--
-- TOC entry 4967 (class 1259 OID 16703)
-- Name: idx_movies_movielens_id; Type: INDEX; Schema: public; Owner: postgres
--

CREATE INDEX idx_movies_movielens_id ON public.movies USING btree (movielens_id);


--
-- TOC entry 4968 (class 1259 OID 16705)
-- Name: idx_movies_weighted_rating; Type: INDEX; Schema: public; Owner: postgres
--

CREATE INDEX idx_movies_weighted_rating ON public.movies USING btree (weighted_rating DESC);


--
-- TOC entry 4969 (class 1259 OID 16704)
-- Name: idx_movies_year; Type: INDEX; Schema: public; Owner: postgres
--

CREATE INDEX idx_movies_year ON public.movies USING btree (year);


--
-- TOC entry 5010 (class 1259 OID 16736)
-- Name: idx_pwd_reset_token; Type: INDEX; Schema: public; Owner: postgres
--

CREATE INDEX idx_pwd_reset_token ON public.password_reset_tokens USING btree (token);


--
-- TOC entry 5011 (class 1259 OID 16737)
-- Name: idx_pwd_reset_user; Type: INDEX; Schema: public; Owner: postgres
--

CREATE INDEX idx_pwd_reset_user ON public.password_reset_tokens USING btree (user_id);


--
-- TOC entry 4985 (class 1259 OID 16712)
-- Name: idx_ratings_movie; Type: INDEX; Schema: public; Owner: postgres
--

CREATE INDEX idx_ratings_movie ON public.ratings USING btree (movie_id);


--
-- TOC entry 4986 (class 1259 OID 16713)
-- Name: idx_ratings_rating; Type: INDEX; Schema: public; Owner: postgres
--

CREATE INDEX idx_ratings_rating ON public.ratings USING btree (rating);


--
-- TOC entry 4987 (class 1259 OID 16711)
-- Name: idx_ratings_user; Type: INDEX; Schema: public; Owner: postgres
--

CREATE INDEX idx_ratings_user ON public.ratings USING btree (user_id);


--
-- TOC entry 4998 (class 1259 OID 16715)
-- Name: idx_recommendations_expires; Type: INDEX; Schema: public; Owner: postgres
--

CREATE INDEX idx_recommendations_expires ON public.recommendations USING btree (expires_at);


--
-- TOC entry 4999 (class 1259 OID 16714)
-- Name: idx_recommendations_user_rank; Type: INDEX; Schema: public; Owner: postgres
--

CREATE INDEX idx_recommendations_user_rank ON public.recommendations USING btree (user_id, rank);


--
-- TOC entry 4952 (class 1259 OID 16716)
-- Name: idx_subscriptions_user_status; Type: INDEX; Schema: public; Owner: postgres
--

CREATE INDEX idx_subscriptions_user_status ON public.user_subscriptions USING btree (user_id, status);


--
-- TOC entry 4980 (class 1259 OID 16709)
-- Name: idx_watch_history_movie; Type: INDEX; Schema: public; Owner: postgres
--

CREATE INDEX idx_watch_history_movie ON public.watch_history USING btree (movie_id);


--
-- TOC entry 4981 (class 1259 OID 16708)
-- Name: idx_watch_history_user; Type: INDEX; Schema: public; Owner: postgres
--

CREATE INDEX idx_watch_history_user ON public.watch_history USING btree (user_id);


--
-- TOC entry 4982 (class 1259 OID 16710)
-- Name: idx_watch_history_watched_at; Type: INDEX; Schema: public; Owner: postgres
--

CREATE INDEX idx_watch_history_watched_at ON public.watch_history USING btree (watched_at DESC);


--
-- TOC entry 5082 (class 2606 OID 16698)
-- Name: admin_logs admin_logs_admin_id_fkey; Type: FK CONSTRAINT; Schema: public; Owner: postgres
--

ALTER TABLE ONLY public.admin_logs
    ADD CONSTRAINT admin_logs_admin_id_fkey FOREIGN KEY (admin_id) REFERENCES public.users(id);


--
-- TOC entry 5085 (class 2606 OID 16812)
-- Name: auth_group_permissions auth_group_permissio_permission_id_84c5c92e_fk_auth_perm; Type: FK CONSTRAINT; Schema: public; Owner: postgres
--

ALTER TABLE ONLY public.auth_group_permissions
    ADD CONSTRAINT auth_group_permissio_permission_id_84c5c92e_fk_auth_perm FOREIGN KEY (permission_id) REFERENCES public.auth_permission(id) DEFERRABLE INITIALLY DEFERRED;


--
-- TOC entry 5086 (class 2606 OID 16807)
-- Name: auth_group_permissions auth_group_permissions_group_id_b120cbf9_fk_auth_group_id; Type: FK CONSTRAINT; Schema: public; Owner: postgres
--

ALTER TABLE ONLY public.auth_group_permissions
    ADD CONSTRAINT auth_group_permissions_group_id_b120cbf9_fk_auth_group_id FOREIGN KEY (group_id) REFERENCES public.auth_group(id) DEFERRABLE INITIALLY DEFERRED;


--
-- TOC entry 5084 (class 2606 OID 16798)
-- Name: auth_permission auth_permission_content_type_id_2f476e4b_fk_django_co; Type: FK CONSTRAINT; Schema: public; Owner: postgres
--

ALTER TABLE ONLY public.auth_permission
    ADD CONSTRAINT auth_permission_content_type_id_2f476e4b_fk_django_co FOREIGN KEY (content_type_id) REFERENCES public.django_content_type(id) DEFERRABLE INITIALLY DEFERRED;


--
-- TOC entry 5087 (class 2606 OID 16827)
-- Name: auth_user_groups auth_user_groups_group_id_97559544_fk_auth_group_id; Type: FK CONSTRAINT; Schema: public; Owner: postgres
--

ALTER TABLE ONLY public.auth_user_groups
    ADD CONSTRAINT auth_user_groups_group_id_97559544_fk_auth_group_id FOREIGN KEY (group_id) REFERENCES public.auth_group(id) DEFERRABLE INITIALLY DEFERRED;


--
-- TOC entry 5088 (class 2606 OID 16822)
-- Name: auth_user_groups auth_user_groups_user_id_6a12ed8b_fk_auth_user_id; Type: FK CONSTRAINT; Schema: public; Owner: postgres
--

ALTER TABLE ONLY public.auth_user_groups
    ADD CONSTRAINT auth_user_groups_user_id_6a12ed8b_fk_auth_user_id FOREIGN KEY (user_id) REFERENCES public.auth_user(id) DEFERRABLE INITIALLY DEFERRED;


--
-- TOC entry 5089 (class 2606 OID 16841)
-- Name: auth_user_user_permissions auth_user_user_permi_permission_id_1fbb5f2c_fk_auth_perm; Type: FK CONSTRAINT; Schema: public; Owner: postgres
--

ALTER TABLE ONLY public.auth_user_user_permissions
    ADD CONSTRAINT auth_user_user_permi_permission_id_1fbb5f2c_fk_auth_perm FOREIGN KEY (permission_id) REFERENCES public.auth_permission(id) DEFERRABLE INITIALLY DEFERRED;


--
-- TOC entry 5090 (class 2606 OID 16836)
-- Name: auth_user_user_permissions auth_user_user_permissions_user_id_a95ead1b_fk_auth_user_id; Type: FK CONSTRAINT; Schema: public; Owner: postgres
--

ALTER TABLE ONLY public.auth_user_user_permissions
    ADD CONSTRAINT auth_user_user_permissions_user_id_a95ead1b_fk_auth_user_id FOREIGN KEY (user_id) REFERENCES public.auth_user(id) DEFERRABLE INITIALLY DEFERRED;


--
-- TOC entry 5091 (class 2606 OID 16874)
-- Name: django_admin_log django_admin_log_content_type_id_c4bce8eb_fk_django_co; Type: FK CONSTRAINT; Schema: public; Owner: postgres
--

ALTER TABLE ONLY public.django_admin_log
    ADD CONSTRAINT django_admin_log_content_type_id_c4bce8eb_fk_django_co FOREIGN KEY (content_type_id) REFERENCES public.django_content_type(id) DEFERRABLE INITIALLY DEFERRED;


--
-- TOC entry 5092 (class 2606 OID 16879)
-- Name: django_admin_log django_admin_log_user_id_c564eba6_fk_auth_user_id; Type: FK CONSTRAINT; Schema: public; Owner: postgres
--

ALTER TABLE ONLY public.django_admin_log
    ADD CONSTRAINT django_admin_log_user_id_c564eba6_fk_auth_user_id FOREIGN KEY (user_id) REFERENCES public.auth_user(id) DEFERRABLE INITIALLY DEFERRED;


--
-- TOC entry 5066 (class 2606 OID 16536)
-- Name: movie_genres movie_genres_genre_id_fkey; Type: FK CONSTRAINT; Schema: public; Owner: postgres
--

ALTER TABLE ONLY public.movie_genres
    ADD CONSTRAINT movie_genres_genre_id_fkey FOREIGN KEY (genre_id) REFERENCES public.genres(id) ON DELETE CASCADE;


--
-- TOC entry 5067 (class 2606 OID 16531)
-- Name: movie_genres movie_genres_movie_id_fkey; Type: FK CONSTRAINT; Schema: public; Owner: postgres
--

ALTER TABLE ONLY public.movie_genres
    ADD CONSTRAINT movie_genres_movie_id_fkey FOREIGN KEY (movie_id) REFERENCES public.movies(id) ON DELETE CASCADE;


--
-- TOC entry 5068 (class 2606 OID 16547)
-- Name: movie_people movie_people_movie_id_fkey; Type: FK CONSTRAINT; Schema: public; Owner: postgres
--

ALTER TABLE ONLY public.movie_people
    ADD CONSTRAINT movie_people_movie_id_fkey FOREIGN KEY (movie_id) REFERENCES public.movies(id) ON DELETE CASCADE;


--
-- TOC entry 5069 (class 2606 OID 16552)
-- Name: movie_people movie_people_person_id_fkey; Type: FK CONSTRAINT; Schema: public; Owner: postgres
--

ALTER TABLE ONLY public.movie_people
    ADD CONSTRAINT movie_people_person_id_fkey FOREIGN KEY (person_id) REFERENCES public.people(id) ON DELETE CASCADE;


--
-- TOC entry 5065 (class 2606 OID 16520)
-- Name: movies movies_min_plan_id_fkey; Type: FK CONSTRAINT; Schema: public; Owner: postgres
--

ALTER TABLE ONLY public.movies
    ADD CONSTRAINT movies_min_plan_id_fkey FOREIGN KEY (min_plan_id) REFERENCES public.subscription_plans(id);


--
-- TOC entry 5083 (class 2606 OID 16731)
-- Name: password_reset_tokens password_reset_tokens_user_id_fkey; Type: FK CONSTRAINT; Schema: public; Owner: postgres
--

ALTER TABLE ONLY public.password_reset_tokens
    ADD CONSTRAINT password_reset_tokens_user_id_fkey FOREIGN KEY (user_id) REFERENCES public.users(id) ON DELETE CASCADE;


--
-- TOC entry 5072 (class 2606 OID 16600)
-- Name: ratings ratings_movie_id_fkey; Type: FK CONSTRAINT; Schema: public; Owner: postgres
--

ALTER TABLE ONLY public.ratings
    ADD CONSTRAINT ratings_movie_id_fkey FOREIGN KEY (movie_id) REFERENCES public.movies(id) ON DELETE CASCADE;


--
-- TOC entry 5073 (class 2606 OID 16595)
-- Name: ratings ratings_user_id_fkey; Type: FK CONSTRAINT; Schema: public; Owner: postgres
--

ALTER TABLE ONLY public.ratings
    ADD CONSTRAINT ratings_user_id_fkey FOREIGN KEY (user_id) REFERENCES public.users(id) ON DELETE CASCADE;


--
-- TOC entry 5080 (class 2606 OID 16673)
-- Name: recommendations recommendations_movie_id_fkey; Type: FK CONSTRAINT; Schema: public; Owner: postgres
--

ALTER TABLE ONLY public.recommendations
    ADD CONSTRAINT recommendations_movie_id_fkey FOREIGN KEY (movie_id) REFERENCES public.movies(id) ON DELETE CASCADE;


--
-- TOC entry 5081 (class 2606 OID 16668)
-- Name: recommendations recommendations_user_id_fkey; Type: FK CONSTRAINT; Schema: public; Owner: postgres
--

ALTER TABLE ONLY public.recommendations
    ADD CONSTRAINT recommendations_user_id_fkey FOREIGN KEY (user_id) REFERENCES public.users(id) ON DELETE CASCADE;


--
-- TOC entry 5078 (class 2606 OID 16652)
-- Name: user_actor_preferences user_actor_preferences_person_id_fkey; Type: FK CONSTRAINT; Schema: public; Owner: postgres
--

ALTER TABLE ONLY public.user_actor_preferences
    ADD CONSTRAINT user_actor_preferences_person_id_fkey FOREIGN KEY (person_id) REFERENCES public.people(id) ON DELETE CASCADE;


--
-- TOC entry 5079 (class 2606 OID 16647)
-- Name: user_actor_preferences user_actor_preferences_user_id_fkey; Type: FK CONSTRAINT; Schema: public; Owner: postgres
--

ALTER TABLE ONLY public.user_actor_preferences
    ADD CONSTRAINT user_actor_preferences_user_id_fkey FOREIGN KEY (user_id) REFERENCES public.users(id) ON DELETE CASCADE;


--
-- TOC entry 5076 (class 2606 OID 16635)
-- Name: user_genre_preferences user_genre_preferences_genre_id_fkey; Type: FK CONSTRAINT; Schema: public; Owner: postgres
--

ALTER TABLE ONLY public.user_genre_preferences
    ADD CONSTRAINT user_genre_preferences_genre_id_fkey FOREIGN KEY (genre_id) REFERENCES public.genres(id) ON DELETE CASCADE;


--
-- TOC entry 5077 (class 2606 OID 16630)
-- Name: user_genre_preferences user_genre_preferences_user_id_fkey; Type: FK CONSTRAINT; Schema: public; Owner: postgres
--

ALTER TABLE ONLY public.user_genre_preferences
    ADD CONSTRAINT user_genre_preferences_user_id_fkey FOREIGN KEY (user_id) REFERENCES public.users(id) ON DELETE CASCADE;


--
-- TOC entry 5063 (class 2606 OID 16470)
-- Name: user_subscriptions user_subscriptions_plan_id_fkey; Type: FK CONSTRAINT; Schema: public; Owner: postgres
--

ALTER TABLE ONLY public.user_subscriptions
    ADD CONSTRAINT user_subscriptions_plan_id_fkey FOREIGN KEY (plan_id) REFERENCES public.subscription_plans(id);


--
-- TOC entry 5064 (class 2606 OID 16465)
-- Name: user_subscriptions user_subscriptions_user_id_fkey; Type: FK CONSTRAINT; Schema: public; Owner: postgres
--

ALTER TABLE ONLY public.user_subscriptions
    ADD CONSTRAINT user_subscriptions_user_id_fkey FOREIGN KEY (user_id) REFERENCES public.users(id) ON DELETE CASCADE;


--
-- TOC entry 5074 (class 2606 OID 16616)
-- Name: user_watchlist user_watchlist_movie_id_fkey; Type: FK CONSTRAINT; Schema: public; Owner: postgres
--

ALTER TABLE ONLY public.user_watchlist
    ADD CONSTRAINT user_watchlist_movie_id_fkey FOREIGN KEY (movie_id) REFERENCES public.movies(id) ON DELETE CASCADE;


--
-- TOC entry 5075 (class 2606 OID 16611)
-- Name: user_watchlist user_watchlist_user_id_fkey; Type: FK CONSTRAINT; Schema: public; Owner: postgres
--

ALTER TABLE ONLY public.user_watchlist
    ADD CONSTRAINT user_watchlist_user_id_fkey FOREIGN KEY (user_id) REFERENCES public.users(id) ON DELETE CASCADE;


--
-- TOC entry 5070 (class 2606 OID 16576)
-- Name: watch_history watch_history_movie_id_fkey; Type: FK CONSTRAINT; Schema: public; Owner: postgres
--

ALTER TABLE ONLY public.watch_history
    ADD CONSTRAINT watch_history_movie_id_fkey FOREIGN KEY (movie_id) REFERENCES public.movies(id) ON DELETE CASCADE;


--
-- TOC entry 5071 (class 2606 OID 16571)
-- Name: watch_history watch_history_user_id_fkey; Type: FK CONSTRAINT; Schema: public; Owner: postgres
--

ALTER TABLE ONLY public.watch_history
    ADD CONSTRAINT watch_history_user_id_fkey FOREIGN KEY (user_id) REFERENCES public.users(id) ON DELETE CASCADE;


-- Completed on 2026-05-29 15:02:15

--
-- PostgreSQL database dump complete
--

\unrestrict s6s33ybEpc3IDelM4272Crr0gXdlEZdSQ0onJia3w3zSlSZA9vVDbEeEyFeG1dZ

